paper_id,claim_id,table_figure,location,claim_type,claim,value_script,value_paper,match,value_rewrite,match_rewrite,defect_locus,notes
coppock_guess_ternovski_2016,table_2|pub|n,table_2,"Table 2, p. 113",pipeline,"Public tweet, N",3687,3687,1,3687,1,NA,
coppock_guess_ternovski_2016,table_2|pub|n_signed,table_2,"Table 2, p. 113",pipeline,"Public tweet, number signing",0,0,1,0,1,NA,
coppock_guess_ternovski_2016,table_2|pub|pct_signed,table_2,"Table 2, p. 113",pipeline,"Public tweet, percent signing",0,0.0,1,0,1,NA,
coppock_guess_ternovski_2016,table_2|pub|n_tweeted,table_2,"Table 2, p. 113",pipeline,"Public tweet, number tweeting",0,0,1,0,1,NA,
coppock_guess_ternovski_2016,table_2|pub|pct_tweeted,table_2,"Table 2, p. 113",pipeline,"Public tweet, percent tweeting",0,0.0,1,0,1,NA,
coppock_guess_ternovski_2016,table_2|org_enc|n,table_2,"Table 2, p. 113",pipeline,"Organizer DM, tweet encouragement, N",500,500,1,500,1,NA,
coppock_guess_ternovski_2016,table_2|org_enc|n_signed,table_2,"Table 2, p. 113",pipeline,"Organizer DM, tweet encouragement, number signing",22,22,1,22,1,NA,
coppock_guess_ternovski_2016,table_2|org_enc|pct_signed,table_2,"Table 2, p. 113",pipeline,"Organizer DM, tweet encouragement, percent signing",4.4,4.4,1,4.4,1,NA,
coppock_guess_ternovski_2016,table_2|org_enc|n_tweeted,table_2,"Table 2, p. 113",pipeline,"Organizer DM, tweet encouragement, number tweeting",12,12,1,12,1,NA,
coppock_guess_ternovski_2016,table_2|org_enc|pct_tweeted,table_2,"Table 2, p. 113",pipeline,"Organizer DM, tweet encouragement, percent tweeting",2.399999999999998,2.4,1,2.4,1,NA,
coppock_guess_ternovski_2016,table_2|org_noenc|n,table_2,"Table 2, p. 113",pipeline,"Organizer DM, no encouragement, N",1000,1000,1,1000,1,NA,
coppock_guess_ternovski_2016,table_2|org_noenc|n_signed,table_2,"Table 2, p. 113",pipeline,"Organizer DM, no encouragement, number signing",28,28,1,28,1,NA,
coppock_guess_ternovski_2016,table_2|org_noenc|pct_signed,table_2,"Table 2, p. 113",pipeline,"Organizer DM, no encouragement, percent signing",2.799999999999998,2.8,1,2.8,1,NA,
coppock_guess_ternovski_2016,table_2|org_noenc|n_tweeted,table_2,"Table 2, p. 113",pipeline,"Organizer DM, no encouragement, number tweeting",12,12,1,12,1,NA,
coppock_guess_ternovski_2016,table_2|org_noenc|pct_tweeted,table_2,"Table 2, p. 113",pipeline,"Organizer DM, no encouragement, percent tweeting",1.199999999999999,1.2,1,1.2,1,NA,
coppock_guess_ternovski_2016,table_2|fol_enc|n,table_2,"Table 2, p. 113",pipeline,"Follower DM, tweet encouragement, N",500,500,1,500,1,NA,
coppock_guess_ternovski_2016,table_2|fol_enc|n_signed,table_2,"Table 2, p. 113",pipeline,"Follower DM, tweet encouragement, number signing",28,28,1,28,1,NA,
coppock_guess_ternovski_2016,table_2|fol_enc|pct_signed,table_2,"Table 2, p. 113",pipeline,"Follower DM, tweet encouragement, percent signing",5.599999999999996,5.6,1,5.6,1,NA,
coppock_guess_ternovski_2016,table_2|fol_enc|n_tweeted,table_2,"Table 2, p. 113",pipeline,"Follower DM, tweet encouragement, number tweeting",25,25,1,25,1,NA,
coppock_guess_ternovski_2016,table_2|fol_enc|pct_tweeted,table_2,"Table 2, p. 113",pipeline,"Follower DM, tweet encouragement, percent tweeting",5.000000000000006,5.0,1,5,1,NA,
coppock_guess_ternovski_2016,table_2|fol_noenc|n,table_2,"Table 2, p. 113",pipeline,"Follower DM, no encouragement, N",1000,1000,1,1000,1,NA,
coppock_guess_ternovski_2016,table_2|fol_noenc|n_signed,table_2,"Table 2, p. 113",pipeline,"Follower DM, no encouragement, number signing",31,31,1,31,1,NA,
coppock_guess_ternovski_2016,table_2|fol_noenc|pct_signed,table_2,"Table 2, p. 113",pipeline,"Follower DM, no encouragement, percent signing",3.1000000000000005,3.1,1,3.1,1,NA,
coppock_guess_ternovski_2016,table_2|fol_noenc|n_tweeted,table_2,"Table 2, p. 113",pipeline,"Follower DM, no encouragement, number tweeting",16,16,1,16,1,NA,
coppock_guess_ternovski_2016,table_2|fol_noenc|pct_tweeted,table_2,"Table 2, p. 113",pipeline,"Follower DM, no encouragement, percent tweeting",1.5999999999999988,1.6,1,1.6,1,NA,
coppock_guess_ternovski_2016,table_2|total|n,table_2,"Table 2, p. 113",pipeline,"Total, N",6687,6687,1,6687,1,NA,
coppock_guess_ternovski_2016,table_2|total|n_signed,table_2,"Table 2, p. 113",pipeline,"Total, number signing",109,109,1,109,1,NA,
coppock_guess_ternovski_2016,table_2|total|pct_signed,table_2,"Table 2, p. 113",pipeline,"Total, percent signing",1.63002841333931,1.6,1,1.630028413339315,1,NA,
coppock_guess_ternovski_2016,table_2|total|n_tweeted,table_2,"Table 2, p. 113",pipeline,"Total, number tweeting",65,65,1,65,1,NA,
coppock_guess_ternovski_2016,table_2|total|pct_tweeted,table_2,"Table 2, p. 113",pipeline,"Total, percent tweeting",0.972035292358302,1.0,1,0.9720352923583072,1,NA,
coppock_guess_ternovski_2016,table_3|pub|n,table_3,"Table 3, p. 115",pipeline,"Public tweet, N",3495,3495,1,3495,1,NA,
coppock_guess_ternovski_2016,table_3|pub|n_signed,table_3,"Table 3, p. 115",pipeline,"Public tweet, number signing",0,0,1,0,1,NA,
coppock_guess_ternovski_2016,table_3|pub|pct_signed,table_3,"Table 3, p. 115",pipeline,"Public tweet, percent signing",0,0.0,1,0,1,NA,
coppock_guess_ternovski_2016,table_3|pub|n_tweeted,table_3,"Table 3, p. 115",pipeline,"Public tweet, number tweeting",0,0,1,0,1,NA,
coppock_guess_ternovski_2016,table_3|pub|pct_tweeted,table_3,"Table 3, p. 115",pipeline,"Public tweet, percent tweeting",0,0.0,1,0,1,NA,
coppock_guess_ternovski_2016,table_3|org|n,table_3,"Table 3, p. 115",pipeline,"Organizer DM, N",2514,2514,1,2514,1,NA,
coppock_guess_ternovski_2016,table_3|org|n_signed,table_3,"Table 3, p. 115",pipeline,"Organizer DM, number signing",107,107,1,107,1,NA,
coppock_guess_ternovski_2016,table_3|org|pct_signed,table_3,"Table 3, p. 115",pipeline,"Organizer DM, percent signing",4.2561654733492444,4.3,1,4.2561654733492444,1,NA,
coppock_guess_ternovski_2016,table_3|org|n_tweeted,table_3,"Table 3, p. 115",pipeline,"Organizer DM, number tweeting",28,28,1,28,1,NA,
coppock_guess_ternovski_2016,table_3|org|pct_tweeted,table_3,"Table 3, p. 115",pipeline,"Organizer DM, percent tweeting",1.1137629276054088,1.1,1,1.1137629276054095,1,NA,
coppock_guess_ternovski_2016,table_3|fol|n,table_3,"Table 3, p. 115",pipeline,"Follower DM, N",2498,2498,1,2498,1,NA,
coppock_guess_ternovski_2016,table_3|fol|n_signed,table_3,"Table 3, p. 115",pipeline,"Follower DM, number signing",114,114,1,114,1,NA,
coppock_guess_ternovski_2016,table_3|fol|pct_signed,table_3,"Table 3, p. 115",pipeline,"Follower DM, percent signing",4.563650920736576,4.6,1,4.563650920736589,1,NA,
coppock_guess_ternovski_2016,table_3|fol|n_tweeted,table_3,"Table 3, p. 115",pipeline,"Follower DM, number tweeting",36,36,1,36,1,NA,
coppock_guess_ternovski_2016,table_3|fol|pct_tweeted,table_3,"Table 3, p. 115",pipeline,"Follower DM, percent tweeting",1.441152922337862,1.4,1,1.4411529223378703,1,NA,
coppock_guess_ternovski_2016,table_3|total|n,table_3,"Table 3, p. 115",pipeline,"Total, N",8507,8507,1,8507,1,NA,
coppock_guess_ternovski_2016,table_3|total|n_signed,table_3,"Table 3, p. 115",pipeline,"Total, number signing",221,221,1,221,1,NA,
coppock_guess_ternovski_2016,table_3|total|pct_signed,table_3,"Table 3, p. 115",pipeline,"Total, percent signing",2.597860585400278,2.6,1,2.5978605854002588,1,NA,
coppock_guess_ternovski_2016,table_3|total|n_tweeted,table_3,"Table 3, p. 115",pipeline,"Total, number tweeting",64,64,1,64,1,NA,
coppock_guess_ternovski_2016,table_3|total|pct_tweeted,table_3,"Table 3, p. 115",pipeline,"Total, percent tweeting",0.7523216174914917,0.8,1,0.7523216174914776,1,NA,
coppock_guess_ternovski_2016,table_3|signers_enc|n,table_3,"Table 3, p. 115",pipeline,"Signers, tweet encouragement, N",111,111,1,111,1,NA,
coppock_guess_ternovski_2016,table_3|signers_enc|n_signed,table_3,"Table 3, p. 115",pipeline,"Signers, tweet encouragement, number signing",111,111,1,111,1,NA,
coppock_guess_ternovski_2016,table_3|signers_enc|pct_signed,table_3,"Table 3, p. 115",pipeline,"Signers, tweet encouragement, percent signing",100,100.0,1,100,1,NA,
coppock_guess_ternovski_2016,table_3|signers_enc|n_tweeted,table_3,"Table 3, p. 115",pipeline,"Signers, tweet encouragement, number tweeting",50,50,1,50,1,NA,
coppock_guess_ternovski_2016,table_3|signers_enc|pct_tweeted,table_3,"Table 3, p. 115",pipeline,"Signers, tweet encouragement, percent tweeting",45.04504504504504,45,1,45.04504504504504,1,NA,
coppock_guess_ternovski_2016,table_3|signers_noenc|n,table_3,"Table 3, p. 115",pipeline,"Signers, no encouragement, N",110,110,1,110,1,NA,
coppock_guess_ternovski_2016,table_3|signers_noenc|n_signed,table_3,"Table 3, p. 115",pipeline,"Signers, no encouragement, number signing",110,110,1,110,1,NA,
coppock_guess_ternovski_2016,table_3|signers_noenc|pct_signed,table_3,"Table 3, p. 115",pipeline,"Signers, no encouragement, percent signing",100,100.0,1,100,1,NA,
coppock_guess_ternovski_2016,table_3|signers_noenc|n_tweeted,table_3,"Table 3, p. 115",pipeline,"Signers, no encouragement, number tweeting",11,11,1,11,1,NA,
coppock_guess_ternovski_2016,table_3|signers_noenc|pct_tweeted,table_3,"Table 3, p. 115",pipeline,"Signers, no encouragement, percent tweeting",10,10,1,10,1,NA,
coppock_guess_ternovski_2016,table_3|signers_total|n,table_3,"Table 3, p. 115",pipeline,"Signers, total, N",221,221,1,221,1,NA,
coppock_guess_ternovski_2016,table_3|signers_total|n_signed,table_3,"Table 3, p. 115",pipeline,"Signers, total, number signing",221,221,1,221,1,NA,
coppock_guess_ternovski_2016,table_3|signers_total|pct_signed,table_3,"Table 3, p. 115",pipeline,"Signers, total, percent signing",100,100.0,1,100,1,NA,
coppock_guess_ternovski_2016,table_3|signers_total|n_tweeted,table_3,"Table 3, p. 115",pipeline,"Signers, total, number tweeting",61,61,1,61,1,NA,
coppock_guess_ternovski_2016,table_3|signers_total|pct_tweeted,table_3,"Table 3, p. 115",pipeline,"Signers, total, percent tweeting",27.60180995475114,27.6,1,27.601809954751133,1,NA,
coppock_guess_ternovski_2016,table_4|m1:treat_fol|coef,table_4,"Table 4, p. 117",pipeline,"Column 1 (signed): Treatment: follower, coefficient",0.039333,0.039,1,0.03933333333333436,1,NA,
coppock_guess_ternovski_2016,table_4|m1:treat_fol|se,table_4,"Table 4, p. 117",pipeline,"Column 1 (signed): Treatment: follower, standard error",0.00502071906152335,0.005,1,0.00502071906152352,1,NA,
coppock_guess_ternovski_2016,table_4|m1:treat_org|coef,table_4,"Table 4, p. 117",pipeline,"Column 1 (signed): Treatment: organizer, coefficient",0.033333,0.033,1,0.03333333333333362,1,NA,
coppock_guess_ternovski_2016,table_4|m1:treat_org|se,table_4,"Table 4, p. 117",pipeline,"Column 1 (signed): Treatment: organizer, standard error",0.00463635762456115,0.005,1,0.00463635762456156,1,NA,
coppock_guess_ternovski_2016,table_4|m1:constant|coef,table_4,"Table 4, p. 117",pipeline,"Column 1 (signed): Constant, coefficient",0,0.000,1,-2.0922181706324982e-16,1,NA,
coppock_guess_ternovski_2016,table_4|m1:constant|se,table_4,"Table 4, p. 117",pipeline,"Column 1 (signed): Constant, standard error",2.347340436459422e-10,0.000,1,3.756982624070798e-11,1,NA,
coppock_guess_ternovski_2016,table_4|m2:treat_fol|coef,table_4,"Table 4, p. 117",pipeline,"Column 2 (signed, adjusted): Treatment: follower, coefficient",0.039732,0.040,1,0.03973238447738825,1,NA,
coppock_guess_ternovski_2016,table_4|m2:treat_fol|se,table_4,"Table 4, p. 117",pipeline,"Column 2 (signed, adjusted): Treatment: follower, standard error",0.0050349814284024,0.005,1,0.00503498142840248,1,NA,
coppock_guess_ternovski_2016,table_4|m2:treat_org|coef,table_4,"Table 4, p. 117",pipeline,"Column 2 (signed, adjusted): Treatment: organizer, coefficient",0.0332,0.033,1,0.03319980394109829,1,NA,
coppock_guess_ternovski_2016,table_4|m2:treat_org|se,table_4,"Table 4, p. 117",pipeline,"Column 2 (signed, adjusted): Treatment: organizer, standard error",0.00462624559467289,0.005,1,0.00462624559467325,1,NA,
coppock_guess_ternovski_2016,table_4|m2:account_male|coef,table_4,"Table 4, p. 117",pipeline,"Column 2 (signed, adjusted): Account type: male, coefficient",-0.003649,-0.004,1,-0.00364899147005873,1,NA,
coppock_guess_ternovski_2016,table_4|m2:account_male|se,table_4,"Table 4, p. 117",pipeline,"Column 2 (signed, adjusted): Account type: male, standard error",0.00417370365424501,0.004,1,0.00417370365424542,1,NA,
coppock_guess_ternovski_2016,table_4|m2:account_org|coef,table_4,"Table 4, p. 117",pipeline,"Column 2 (signed, adjusted): Account type: organization, coefficient",-0.018483,-0.018,1,-0.01848304550979622,1,NA,
coppock_guess_ternovski_2016,table_4|m2:account_org|se,table_4,"Table 4, p. 117",pipeline,"Column 2 (signed, adjusted): Account type: organization, standard error",0.00393405058671818,0.004,1,0.00393405058671837,1,NA,
coppock_guess_ternovski_2016,table_4|m2:account_unknown|coef,table_4,"Table 4, p. 117",pipeline,"Column 2 (signed, adjusted): Account type: unknown, coefficient",-0.012069,-0.012,1,-0.01206876088999399,1,NA,
coppock_guess_ternovski_2016,table_4|m2:account_unknown|se,table_4,"Table 4, p. 117",pipeline,"Column 2 (signed, adjusted): Account type: unknown, standard error",0.00672631067186683,0.007,1,0.00672631067186693,1,NA,
coppock_guess_ternovski_2016,table_4|m2:centrality|coef,table_4,"Table 4, p. 117",pipeline,"Column 2 (signed, adjusted): Eigenvector centrality, coefficient",0.001607,0.002,1,0.00160712660488913,1,NA,
coppock_guess_ternovski_2016,table_4|m2:centrality|se,table_4,"Table 4, p. 117",pipeline,"Column 2 (signed, adjusted): Eigenvector centrality, standard error",0.00228665648636899,0.002,1,0.00228665648636899,1,NA,
coppock_guess_ternovski_2016,table_4|m2:followers|coef,table_4,"Table 4, p. 117",pipeline,"Column 2 (signed, adjusted): Number of followers, coefficient",-6.05e-4,-0.001,1,-6.054628615293314e-4,1,NA,
coppock_guess_ternovski_2016,table_4|m2:followers|se,table_4,"Table 4, p. 117",pipeline,"Column 2 (signed, adjusted): Number of followers, standard error",0.00132427656512902,0.001,1,0.00132427656512903,1,NA,
coppock_guess_ternovski_2016,table_4|m2:days|coef,table_4,"Table 4, p. 117",pipeline,"Column 2 (signed, adjusted): Days on Twitter, coefficient",-0.001421,-0.001,1,-0.00142077628678394,1,NA,
coppock_guess_ternovski_2016,table_4|m2:days|se,table_4,"Table 4, p. 117",pipeline,"Column 2 (signed, adjusted): Days on Twitter, standard error",0.00187696248496042,0.002,1,0.00187696248496041,1,NA,
coppock_guess_ternovski_2016,table_4|m2:days_missing|coef,table_4,"Table 4, p. 117",pipeline,"Column 2 (signed, adjusted): Days on Twitter missing, coefficient",0.013635,0.014,1,0.01363520839690472,1,NA,
coppock_guess_ternovski_2016,table_4|m2:days_missing|se,table_4,"Table 4, p. 117",pipeline,"Column 2 (signed, adjusted): Days on Twitter missing, standard error",0.01427119210660891,0.014,1,0.01427119210660886,1,NA,
coppock_guess_ternovski_2016,table_4|m2:constant|coef,table_4,"Table 4, p. 117",pipeline,"Column 2 (signed, adjusted): Constant, coefficient",0.006411,0.006,1,0.00641050447242758,1,NA,
coppock_guess_ternovski_2016,table_4|m2:constant|se,table_4,"Table 4, p. 117",pipeline,"Column 2 (signed, adjusted): Constant, standard error",0.002549820039466,0.003,1,0.0025498200394663,1,NA,
coppock_guess_ternovski_2016,table_4|m3:treat_fol|coef,table_4,"Table 4, p. 117",pipeline,"Column 3 (tweeted): Treatment: follower, coefficient",0.027333,0.027,1,0.02733333333333347,1,NA,
coppock_guess_ternovski_2016,table_4|m3:treat_fol|se,table_4,"Table 4, p. 117",pipeline,"Column 3 (tweeted): Treatment: follower, standard error",0.00421140975560051,0.004,1,0.00421140975560068,1,NA,
coppock_guess_ternovski_2016,table_4|m3:treat_org|coef,table_4,"Table 4, p. 117",pipeline,"Column 3 (tweeted): Treatment: organizer, coefficient",0.016,0.016,1,0.01600000000000011,1,NA,
coppock_guess_ternovski_2016,table_4|m3:treat_org|se,table_4,"Table 4, p. 117",pipeline,"Column 3 (tweeted): Treatment: organizer, standard error",0.00324083353496174,0.003,1,0.003240833534962,1,NA,
coppock_guess_ternovski_2016,table_4|m3:constant|coef,table_4,"Table 4, p. 117",pipeline,"Column 3 (tweeted): Constant, coefficient",0,0.000,1,-1.774506750159958e-18,1,NA,
coppock_guess_ternovski_2016,table_4|m3:constant|se,table_4,"Table 4, p. 117",pipeline,"Column 3 (tweeted): Constant, standard error",4e-5,0.000,1,3.756982624070618e-11,1,NA,
coppock_guess_ternovski_2016,table_4|m4:treat_fol|coef,table_4,"Table 4, p. 117",pipeline,"Column 4 (tweeted, adjusted): Treatment: follower, coefficient",0.027308,0.027,1,0.02730819392051157,1,NA,
coppock_guess_ternovski_2016,table_4|m4:treat_fol|se,table_4,"Table 4, p. 117",pipeline,"Column 4 (tweeted, adjusted): Treatment: follower, standard error",0.00420583663473222,0.004,1,0.00420583663473229,1,NA,
coppock_guess_ternovski_2016,table_4|m4:treat_org|coef,table_4,"Table 4, p. 117",pipeline,"Column 4 (tweeted, adjusted): Treatment: organizer, coefficient",0.016044,0.016,1,0.01604398251742305,1,NA,
coppock_guess_ternovski_2016,table_4|m4:treat_org|se,table_4,"Table 4, p. 117",pipeline,"Column 4 (tweeted, adjusted): Treatment: organizer, standard error",0.0032430077002821,0.003,1,0.00324300770028234,1,NA,
coppock_guess_ternovski_2016,table_4|m4:account_male|coef,table_4,"Table 4, p. 117",pipeline,"Column 4 (tweeted, adjusted): Account type: male, coefficient",9.38e-4,0.001,1,9.380135265652184e-4,1,NA,
coppock_guess_ternovski_2016,table_4|m4:account_male|se,table_4,"Table 4, p. 117",pipeline,"Column 4 (tweeted, adjusted): Account type: male, standard error",0.00291070911488567,0.003,1,0.00291070911488594,1,NA,
coppock_guess_ternovski_2016,table_4|m4:account_org|coef,table_4,"Table 4, p. 117",pipeline,"Column 4 (tweeted, adjusted): Account type: organization, coefficient",-0.002736,-0.003,1,-0.00273624317439522,1,NA,
coppock_guess_ternovski_2016,table_4|m4:account_org|se,table_4,"Table 4, p. 117",pipeline,"Column 4 (tweeted, adjusted): Account type: organization, standard error",0.00307607841856776,0.003,1,0.00307607841856784,1,NA,
coppock_guess_ternovski_2016,table_4|m4:account_unknown|coef,table_4,"Table 4, p. 117",pipeline,"Column 4 (tweeted, adjusted): Account type: unknown, coefficient",0.004024,0.004,1,0.00402391348569226,1,NA,
coppock_guess_ternovski_2016,table_4|m4:account_unknown|se,table_4,"Table 4, p. 117",pipeline,"Column 4 (tweeted, adjusted): Account type: unknown, standard error",0.0068428299110959,0.007,1,0.00684282991109598,1,NA,
coppock_guess_ternovski_2016,table_4|m4:centrality|coef,table_4,"Table 4, p. 117",pipeline,"Column 4 (tweeted, adjusted): Eigenvector centrality, coefficient",-2.9e-4,-0.000,1,-2.9032526001430655e-4,1,NA,
coppock_guess_ternovski_2016,table_4|m4:centrality|se,table_4,"Table 4, p. 117",pipeline,"Column 4 (tweeted, adjusted): Eigenvector centrality, standard error",6.867076445810237e-4,0.001,1,6.867076445810248e-4,1,NA,
coppock_guess_ternovski_2016,table_4|m4:followers|coef,table_4,"Table 4, p. 117",pipeline,"Column 4 (tweeted, adjusted): Number of followers, coefficient",-7.53e-4,-0.001,1,-7.52812668406949e-4,1,NA,
coppock_guess_ternovski_2016,table_4|m4:followers|se,table_4,"Table 4, p. 117",pipeline,"Column 4 (tweeted, adjusted): Number of followers, standard error",9.650078369035288e-4,0.001,1,9.65007836903539e-4,1,NA,
coppock_guess_ternovski_2016,table_4|m4:days|coef,table_4,"Table 4, p. 117",pipeline,"Column 4 (tweeted, adjusted): Days on Twitter, coefficient",-7.33e-4,-0.001,1,-7.332795817992937e-4,1,NA,
coppock_guess_ternovski_2016,table_4|m4:days|se,table_4,"Table 4, p. 117",pipeline,"Column 4 (tweeted, adjusted): Days on Twitter, standard error",0.0014291554788233,0.001,1,0.0014291554788233,1,NA,
coppock_guess_ternovski_2016,table_4|m4:days_missing|coef,table_4,"Table 4, p. 117",pipeline,"Column 4 (tweeted, adjusted): Days on Twitter missing, coefficient",0.010046,0.010,1,0.01004589242883257,1,NA,
coppock_guess_ternovski_2016,table_4|m4:days_missing|se,table_4,"Table 4, p. 117",pipeline,"Column 4 (tweeted, adjusted): Days on Twitter missing, standard error",0.01456885800818199,0.015,1,0.01456885800818197,1,NA,
coppock_guess_ternovski_2016,table_4|m4:constant|coef,table_4,"Table 4, p. 117",pipeline,"Column 4 (tweeted, adjusted): Constant, coefficient",-1.66e-4,-0.000,1,-1.6592012604986782e-4,1,NA,
coppock_guess_ternovski_2016,table_4|m4:constant|se,table_4,"Table 4, p. 117",pipeline,"Column 4 (tweeted, adjusted): Constant, standard error",0.00178332770131926,0.002,1,0.00178332770131944,1,NA,
coppock_guess_ternovski_2016,table_4|m1|n,table_4,"Table 4, p. 117",pipeline,"Column 1 (signed), N",6687,6687,1,6687,1,NA,
coppock_guess_ternovski_2016,table_4|m1|r2,table_4,"Table 4, p. 117",pipeline,"Column 1 (signed), R squared",0.02061681557373665,0.021,1,0.0206168155735853,1,NA,
coppock_guess_ternovski_2016,table_4|m2|n,table_4,"Table 4, p. 117",pipeline,"Column 2 (signed, adjusted), N",6687,6687,1,6687,1,NA,
coppock_guess_ternovski_2016,table_4|m2|r2,table_4,"Table 4, p. 117",pipeline,"Column 2 (signed, adjusted), R squared",0.02390456777615523,0.024,1,0.02390456777601202,1,NA,
coppock_guess_ternovski_2016,table_4|m3|n,table_4,"Table 4, p. 117",pipeline,"Column 3 (tweeted), N",6687,6687,1,6687,1,NA,
coppock_guess_ternovski_2016,table_4|m3|r2,table_4,"Table 4, p. 117",pipeline,"Column 3 (tweeted), R squared",0.01356017470901189,0.014,1,0.0135601747090287,1,NA,
coppock_guess_ternovski_2016,table_4|m4|n,table_4,"Table 4, p. 117",pipeline,"Column 4 (tweeted, adjusted), N",6687,6687,1,6687,1,NA,
coppock_guess_ternovski_2016,table_4|m4|r2,table_4,"Table 4, p. 117",pipeline,"Column 4 (tweeted, adjusted), R squared",0.01447193671860348,0.014,1,0.01447193671862612,1,NA,
coppock_guess_ternovski_2016,table_7|m1:treat_fol|coef,table_7,"Table 7, p. 120",pipeline,"Column 1 (signed): Treatment: follower, coefficient",0.045637,0.046,1,0.04563650920736629,1,NA,
coppock_guess_ternovski_2016,table_7|m1:treat_fol|se,table_7,"Table 7, p. 120",pipeline,"Column 1 (signed): Treatment: follower, standard error",0.004176416914507,0.004,1,0.00417641691450756,1,NA,
coppock_guess_ternovski_2016,table_7|m1:treat_org|coef,table_7,"Table 7, p. 120",pipeline,"Column 1 (signed): Treatment: organizer, coefficient",0.042562,0.043,1,0.04256165473349189,1,NA,
coppock_guess_ternovski_2016,table_7|m1:treat_org|se,table_7,"Table 7, p. 120",pipeline,"Column 1 (signed): Treatment: organizer, standard error",0.00402687748165105,0.004,1,0.00402687748165037,1,NA,
coppock_guess_ternovski_2016,table_7|m1:constant|coef,table_7,"Table 7, p. 120",pipeline,"Column 1 (signed): Constant, coefficient",0,0.000,1,-3.943140481534428e-16,1,NA,
coppock_guess_ternovski_2016,table_7|m1:constant|se,table_7,"Table 7, p. 120",pipeline,"Column 1 (signed): Constant, standard error",4e-5,0.000,1,NA,NA,NA,"Standard error undefined: the coefficient is identified only within the public tweet arm, where no subject signed or tweeted, so the robust variance of the term is zero up to floating point and comes back very slightly negative. The deposit's HC2 wrapper returns 4e-05, which prints as 0.000; lm_robust takes the square root and returns NaN, so the rewrite records the cell as unverifiable."
coppock_guess_ternovski_2016,table_7|m2:treat_fol|coef,table_7,"Table 7, p. 120",pipeline,"Column 2 (signed, adjusted): Treatment: follower, coefficient",0.045707,0.046,1,0.04570703901190193,1,NA,
coppock_guess_ternovski_2016,table_7|m2:treat_fol|se,table_7,"Table 7, p. 120",pipeline,"Column 2 (signed, adjusted): Treatment: follower, standard error",0.00417666293625173,0.004,1,0.00417666293625225,1,NA,
coppock_guess_ternovski_2016,table_7|m2:treat_org|coef,table_7,"Table 7, p. 120",pipeline,"Column 2 (signed, adjusted): Treatment: organizer, coefficient",0.042546,0.043,1,0.04254584671430799,1,NA,
coppock_guess_ternovski_2016,table_7|m2:treat_org|se,table_7,"Table 7, p. 120",pipeline,"Column 2 (signed, adjusted): Treatment: organizer, standard error",0.00401719719172902,0.004,1,0.00401719719172848,1,NA,
coppock_guess_ternovski_2016,table_7|m2:account_male|coef,table_7,"Table 7, p. 120",pipeline,"Column 2 (signed, adjusted): Account type: male, coefficient",0.004874,0.005,1,0.00487420045111382,1,NA,
coppock_guess_ternovski_2016,table_7|m2:account_male|se,table_7,"Table 7, p. 120",pipeline,"Column 2 (signed, adjusted): Account type: male, standard error",0.00438825301630962,0.004,1,0.00438825301630953,1,NA,
coppock_guess_ternovski_2016,table_7|m2:account_org|coef,table_7,"Table 7, p. 120",pipeline,"Column 2 (signed, adjusted): Account type: organization, coefficient",-0.019308,-0.019,1,-0.01930835333658146,1,NA,
coppock_guess_ternovski_2016,table_7|m2:account_org|se,table_7,"Table 7, p. 120",pipeline,"Column 2 (signed, adjusted): Account type: organization, standard error",0.00412439657436369,0.004,1,0.00412439657436356,1,NA,
coppock_guess_ternovski_2016,table_7|m2:account_unknown|coef,table_7,"Table 7, p. 120",pipeline,"Column 2 (signed, adjusted): Account type: unknown, coefficient",-0.003219,-0.003,1,-0.00321895049355178,1,NA,
coppock_guess_ternovski_2016,table_7|m2:account_unknown|se,table_7,"Table 7, p. 120",pipeline,"Column 2 (signed, adjusted): Account type: unknown, standard error",0.00816432313632996,0.008,1,0.00816432313633047,1,NA,
coppock_guess_ternovski_2016,table_7|m2:centrality|coef,table_7,"Table 7, p. 120",pipeline,"Column 2 (signed, adjusted): Eigenvector centrality, coefficient",-0.00166,-0.002,1,-0.00165983844066056,1,NA,
coppock_guess_ternovski_2016,table_7|m2:centrality|se,table_7,"Table 7, p. 120",pipeline,"Column 2 (signed, adjusted): Eigenvector centrality, standard error",0.00137416080879411,0.001,1,0.00137416080879411,1,NA,
coppock_guess_ternovski_2016,table_7|m2:followers|coef,table_7,"Table 7, p. 120",pipeline,"Column 2 (signed, adjusted): Number of followers, coefficient",0.00143,0.001,1,0.00143035846503557,1,NA,
coppock_guess_ternovski_2016,table_7|m2:followers|se,table_7,"Table 7, p. 120",pipeline,"Column 2 (signed, adjusted): Number of followers, standard error",0.00191906821100484,0.002,1,0.00191906821100484,1,NA,
coppock_guess_ternovski_2016,table_7|m2:days|coef,table_7,"Table 7, p. 120",pipeline,"Column 2 (signed, adjusted): Days on Twitter, coefficient",-0.001969,-0.002,1,-0.00196944162449135,1,NA,
coppock_guess_ternovski_2016,table_7|m2:days|se,table_7,"Table 7, p. 120",pipeline,"Column 2 (signed, adjusted): Days on Twitter, standard error",0.00206981899806026,0.002,1,0.00206981899806027,1,NA,
coppock_guess_ternovski_2016,table_7|m2:days_missing|coef,table_7,"Table 7, p. 120",pipeline,"Column 2 (signed, adjusted): Days on Twitter missing, coefficient",-0.018918,-0.019,1,-0.01891812674360887,1,NA,
coppock_guess_ternovski_2016,table_7|m2:days_missing|se,table_7,"Table 7, p. 120",pipeline,"Column 2 (signed, adjusted): Days on Twitter missing, standard error",0.01393915695575273,0.014,1,0.01393915695575272,1,NA,
coppock_guess_ternovski_2016,table_7|m2:constant|coef,table_7,"Table 7, p. 120",pipeline,"Column 2 (signed, adjusted): Constant, coefficient",0.002693,0.003,1,0.00269258257419946,1,NA,
coppock_guess_ternovski_2016,table_7|m2:constant|se,table_7,"Table 7, p. 120",pipeline,"Column 2 (signed, adjusted): Constant, standard error",0.00259684026163352,0.003,1,0.00259684026163347,1,NA,
coppock_guess_ternovski_2016,table_7|m3:treat_fol|coef,table_7,"Table 7, p. 120",pipeline,"Column 3 (tweeted): Treatment: follower, coefficient",0.014412,0.014,1,0.01441152922337878,1,NA,
coppock_guess_ternovski_2016,table_7|m3:treat_fol|se,table_7,"Table 7, p. 120",pipeline,"Column 3 (tweeted): Treatment: follower, standard error",0.00238502848044846,0.002,1,0.00238502848044879,1,NA,
coppock_guess_ternovski_2016,table_7|m3:treat_org|coef,table_7,"Table 7, p. 120",pipeline,"Column 3 (tweeted): Treatment: organizer, coefficient",0.011138,0.011,1,0.01113762927605371,1,NA,
coppock_guess_ternovski_2016,table_7|m3:treat_org|se,table_7,"Table 7, p. 120",pipeline,"Column 3 (tweeted): Treatment: organizer, standard error",0.00209347635552921,0.002,1,0.00209347635552898,1,NA,
coppock_guess_ternovski_2016,table_7|m3:constant|coef,table_7,"Table 7, p. 120",pipeline,"Column 3 (tweeted): Constant, coefficient",-0,0.000,1,-3.78586613544913e-17,1,NA,
coppock_guess_ternovski_2016,table_7|m3:constant|se,table_7,"Table 7, p. 120",pipeline,"Column 3 (tweeted): Constant, standard error",4e-5,0.000,1,2.2278786820588545e-11,1,NA,
coppock_guess_ternovski_2016,table_7|m4:treat_fol|coef,table_7,"Table 7, p. 120",pipeline,"Column 4 (tweeted, adjusted): Treatment: follower, coefficient",0.014431,0.014,1,0.01443058187554354,1,NA,
coppock_guess_ternovski_2016,table_7|m4:treat_fol|se,table_7,"Table 7, p. 120",pipeline,"Column 4 (tweeted, adjusted): Treatment: follower, standard error",0.00238617381691155,0.002,1,0.00238617381691185,1,NA,
coppock_guess_ternovski_2016,table_7|m4:treat_org|coef,table_7,"Table 7, p. 120",pipeline,"Column 4 (tweeted, adjusted): Treatment: organizer, coefficient",0.01117,0.011,1,0.01116968507598586,1,NA,
coppock_guess_ternovski_2016,table_7|m4:treat_org|se,table_7,"Table 7, p. 120",pipeline,"Column 4 (tweeted, adjusted): Treatment: organizer, standard error",0.00209467643806185,0.002,1,0.00209467643806158,1,NA,
coppock_guess_ternovski_2016,table_7|m4:account_male|coef,table_7,"Table 7, p. 120",pipeline,"Column 4 (tweeted, adjusted): Account type: male, coefficient",0.004613,0.005,1,0.00461259618636747,1,NA,
coppock_guess_ternovski_2016,table_7|m4:account_male|se,table_7,"Table 7, p. 120",pipeline,"Column 4 (tweeted, adjusted): Account type: male, standard error",0.00229386169351285,0.002,1,0.00229386169351282,1,NA,
coppock_guess_ternovski_2016,table_7|m4:account_org|coef,table_7,"Table 7, p. 120",pipeline,"Column 4 (tweeted, adjusted): Account type: organization, coefficient",-0.003409,-0.003,1,-0.00340917947833746,1,NA,
coppock_guess_ternovski_2016,table_7|m4:account_org|se,table_7,"Table 7, p. 120",pipeline,"Column 4 (tweeted, adjusted): Account type: organization, standard error",0.00248159408258232,0.002,1,0.00248159408258226,1,NA,
coppock_guess_ternovski_2016,table_7|m4:account_unknown|coef,table_7,"Table 7, p. 120",pipeline,"Column 4 (tweeted, adjusted): Account type: unknown, coefficient",0.002085,0.002,1,0.0020845438652764502,1,NA,
coppock_guess_ternovski_2016,table_7|m4:account_unknown|se,table_7,"Table 7, p. 120",pipeline,"Column 4 (tweeted, adjusted): Account type: unknown, standard error",0.00444405649914541,0.004,1,0.0044440564991457,1,NA,
coppock_guess_ternovski_2016,table_7|m4:centrality|coef,table_7,"Table 7, p. 120",pipeline,"Column 4 (tweeted, adjusted): Eigenvector centrality, coefficient",-9.9e-4,-0.001,1,-9.903844949924769e-4,1,NA,
coppock_guess_ternovski_2016,table_7|m4:centrality|se,table_7,"Table 7, p. 120",pipeline,"Column 4 (tweeted, adjusted): Eigenvector centrality, standard error",8.170261443971576e-4,0.001,1,8.170261443971612e-4,1,NA,
coppock_guess_ternovski_2016,table_7|m4:followers|coef,table_7,"Table 7, p. 120",pipeline,"Column 4 (tweeted, adjusted): Number of followers, coefficient",0.003264,0.003,1,0.00326356498594391,1,NA,
coppock_guess_ternovski_2016,table_7|m4:followers|se,table_7,"Table 7, p. 120",pipeline,"Column 4 (tweeted, adjusted): Number of followers, standard error",0.00149523047328842,0.001,1,0.00149523047328842,1,NA,
coppock_guess_ternovski_2016,table_7|m4:days|coef,table_7,"Table 7, p. 120",pipeline,"Column 4 (tweeted, adjusted): Days on Twitter, coefficient",-0.002064,-0.002,1,-0.00206378657753237,1,NA,
coppock_guess_ternovski_2016,table_7|m4:days|se,table_7,"Table 7, p. 120",pipeline,"Column 4 (tweeted, adjusted): Days on Twitter, standard error",0.00121459869826717,0.001,1,0.00121459869826717,1,NA,
coppock_guess_ternovski_2016,table_7|m4:days_missing|coef,table_7,"Table 7, p. 120",pipeline,"Column 4 (tweeted, adjusted): Days on Twitter missing, coefficient",0.002948,0.003,1,0.0029484697238192,1,NA,
coppock_guess_ternovski_2016,table_7|m4:days_missing|se,table_7,"Table 7, p. 120",pipeline,"Column 4 (tweeted, adjusted): Days on Twitter missing, standard error",0.01251649091474404,0.013,1,0.01251649091474395,1,NA,
coppock_guess_ternovski_2016,table_7|m4:constant|coef,table_7,"Table 7, p. 120",pipeline,"Column 4 (tweeted, adjusted): Constant, coefficient",-0.001225,-0.001,1,-0.00122549198025793,1,NA,
coppock_guess_ternovski_2016,table_7|m4:constant|se,table_7,"Table 7, p. 120",pipeline,"Column 4 (tweeted, adjusted): Constant, standard error",0.00135925090903239,0.001,1,0.0013592509090324,1,NA,
coppock_guess_ternovski_2016,table_7|m1|n,table_7,"Table 7, p. 120",pipeline,"Column 1 (signed), N",8507,8507,1,8507,1,NA,
coppock_guess_ternovski_2016,table_7|m1|r2,table_7,"Table 7, p. 120",pipeline,"Column 1 (signed), R squared",0.01865377189447674,0.019,1,0.01865377189434069,1,NA,
coppock_guess_ternovski_2016,table_7|m2|n,table_7,"Table 7, p. 120",pipeline,"Column 2 (signed, adjusted), N",8507,8507,1,8507,1,NA,
coppock_guess_ternovski_2016,table_7|m2|r2,table_7,"Table 7, p. 120",pipeline,"Column 2 (signed, adjusted), R squared",0.02221727524156979,0.022,1,0.02221727524144678,1,NA,
coppock_guess_ternovski_2016,table_7|m3|n,table_7,"Table 7, p. 120",pipeline,"Column 3 (tweeted), N",8507,8507,1,8507,1,NA,
coppock_guess_ternovski_2016,table_7|m3|r2,table_7,"Table 7, p. 120",pipeline,"Column 3 (tweeted), R squared",0.0054973394949165,0.005,1,0.00549733949481923,1,NA,
coppock_guess_ternovski_2016,table_7|m4|n,table_7,"Table 7, p. 120",pipeline,"Column 4 (tweeted, adjusted), N",8507,8507,1,8507,1,NA,
coppock_guess_ternovski_2016,table_7|m4|r2,table_7,"Table 7, p. 120",pipeline,"Column 4 (tweeted, adjusted), R squared",0.00764650740139559,0.008,1,0.00764650740128514,1,NA,
coppock_guess_ternovski_2016,table_5|m1:encouragement|coef,table_5,"Table 5, p. 118",pipeline,"Column 1: Shown tweet encouragement, coefficient",0.453559,0.454,1,0.4535593220338984,1,NA,
coppock_guess_ternovski_2016,table_5|m1:encouragement|se,table_5,"Table 5, p. 118",pipeline,"Column 1: Shown tweet encouragement, standard error",0.08554076653778638,0.086,1,0.08554076653778643,1,NA,
coppock_guess_ternovski_2016,table_5|m1:constant|coef,table_5,"Table 5, p. 118",pipeline,"Column 1: Constant, coefficient",0.186441,0.186,1,0.1864406779661016,1,NA,
coppock_guess_ternovski_2016,table_5|m1:constant|se,table_5,"Table 5, p. 118",pipeline,"Column 1: Constant, standard error",0.0511388494546518,0.051,1,0.05113884945465188,1,NA,
coppock_guess_ternovski_2016,table_5|m2:encouragement|coef,table_5,"Table 5, p. 118",pipeline,"Column 2: Shown tweet encouragement, coefficient",0.624424,0.624,1,0.6244239631336409,1,NA,
coppock_guess_ternovski_2016,table_5|m2:encouragement|se,table_5,"Table 5, p. 118",pipeline,"Column 2: Shown tweet encouragement, standard error",0.10365818577653,0.104,1,0.10365818577653016,1,NA,
coppock_guess_ternovski_2016,table_5|m2:treat_org|coef,table_5,"Table 5, p. 118",pipeline,"Column 2: Treatment: organizer, coefficient",0.052995,0.053,1,0.05299539170506923,1,NA,
coppock_guess_ternovski_2016,table_5|m2:treat_org|se,table_5,"Table 5, p. 118",pipeline,"Column 2: Treatment: organizer, standard error",0.1036581857765302,0.104,1,0.10365818577653016,1,NA,
coppock_guess_ternovski_2016,table_5|m2:encouragement_x_org|coef,table_5,"Table 5, p. 118",pipeline,"Column 2: Encouragement x organizer, coefficient",-0.384164,-0.384,1,-0.38416422287390034,1,NA,
coppock_guess_ternovski_2016,table_5|m2:encouragement_x_org|se,table_5,"Table 5, p. 118",pipeline,"Column 2: Encouragement x organizer, standard error",0.16966797749021417,0.170,1,0.16966797749021406,1,NA,
coppock_guess_ternovski_2016,table_5|m2:constant|coef,table_5,"Table 5, p. 118",pipeline,"Column 2: Constant, coefficient",0.16129,0.161,1,0.1612903225806448,1,NA,
coppock_guess_ternovski_2016,table_5|m2:constant|se,table_5,"Table 5, p. 118",pipeline,"Column 2: Constant, standard error",0.06715051611181057,0.067,1,0.06715051611181078,1,NA,
coppock_guess_ternovski_2016,table_5|m1|n,table_5,"Table 5, p. 118",pipeline,"Column 1, N",109,109,1,109,1,NA,
coppock_guess_ternovski_2016,table_5|m1|r2,table_5,"Table 5, p. 118",pipeline,"Column 1, R squared",0.21383452180456475,0.214,1,0.21383452180456552,1,NA,
coppock_guess_ternovski_2016,table_5|m2|n,table_5,"Table 5, p. 118",pipeline,"Column 2, N",109,109,1,109,1,NA,
coppock_guess_ternovski_2016,table_5|m2|r2,table_5,"Table 5, p. 118",pipeline,"Column 2, R squared",0.2673162387409132,0.267,1,0.26731623874091337,1,NA,
coppock_guess_ternovski_2016,table_8|m1:encouragement|coef,table_8,"Table 8, p. 121",pipeline,"Column 1: Shown tweet encouragement, coefficient",0.35045,0.350,1,0.35045045045045026,1,NA,
coppock_guess_ternovski_2016,table_8|m1:encouragement|se,table_8,"Table 8, p. 121",pipeline,"Column 1: Shown tweet encouragement, standard error",0.05546256150961247,0.055,1,0.05546256150961252,1,NA,
coppock_guess_ternovski_2016,table_8|m1:constant|coef,table_8,"Table 8, p. 121",pipeline,"Column 1: Constant, coefficient",0.1,0.100,1,0.10000000000000003,1,NA,
coppock_guess_ternovski_2016,table_8|m1:constant|se,table_8,"Table 8, p. 121",pipeline,"Column 1: Constant, standard error",0.02873478855663458,0.029,1,0.02873478855663454,1,NA,
coppock_guess_ternovski_2016,table_8|m2:encouragement|coef,table_8,"Table 8, p. 121",pipeline,"Column 2: Shown tweet encouragement, coefficient",0.472222,0.472,1,0.4722222222222224,1,NA,
coppock_guess_ternovski_2016,table_8|m2:encouragement|se,table_8,"Table 8, p. 121",pipeline,"Column 2: Shown tweet encouragement, standard error",0.07715875664778232,0.077,1,0.07715875664778248,1,NA,
coppock_guess_ternovski_2016,table_8|m2:treat_org|coef,table_8,"Table 8, p. 121",pipeline,"Column 2: Treatment: organizer, coefficient",0.036667,0.037,1,0.03666666666666669,1,NA,
coppock_guess_ternovski_2016,table_8|m2:treat_org|se,table_8,"Table 8, p. 121",pipeline,"Column 2: Treatment: organizer, standard error",0.05873524470993954,0.059,1,0.05873524470993954,1,NA,
coppock_guess_ternovski_2016,table_8|m2:encouragement_x_org|coef,table_8,"Table 8, p. 121",pipeline,"Column 2: Encouragement x organizer, coefficient",-0.241345,-0.241,1,-0.24134502923976603,1,NA,
coppock_guess_ternovski_2016,table_8|m2:encouragement_x_org|se,table_8,"Table 8, p. 121",pipeline,"Column 2: Encouragement x organizer, standard error",0.11034383206992936,0.110,1,0.11034383206992934,1,NA,
coppock_guess_ternovski_2016,table_8|m2:constant|coef,table_8,"Table 8, p. 121",pipeline,"Column 2: Constant, coefficient",0.083333,0.083,1,0.08333333333333284,1,NA,
coppock_guess_ternovski_2016,table_8|m2:constant|se,table_8,"Table 8, p. 121",pipeline,"Column 2: Constant, standard error",0.03598231413236453,0.036,1,0.03598231413236451,1,NA,
coppock_guess_ternovski_2016,table_8|m1|n,table_8,"Table 8, p. 121",pipeline,"Column 1, N",221,221,1,221,1,NA,
coppock_guess_ternovski_2016,table_8|m1|r2,table_8,"Table 8, p. 121",pipeline,"Column 1, R squared",0.15364523334810223,0.154,1,0.15364523334810243,1,NA,
coppock_guess_ternovski_2016,table_8|m2|n,table_8,"Table 8, p. 121",pipeline,"Column 2, N",221,221,1,221,1,NA,
coppock_guess_ternovski_2016,table_8|m2|r2,table_8,"Table 8, p. 121",pipeline,"Column 2, R squared",0.18078010857060703,0.181,1,0.1807801085706063,1,NA,
coppock_guess_ternovski_2016,table_6|m1:exposure|coef,table_6,"Table 6, p. 119",pipeline,"Column 1 (shown tweet, OLS): Exposure: followed subject shown tweet encouragement, coefficient",0.627535,0.628,1,0.627535248045139,1,NA,
coppock_guess_ternovski_2016,table_6|m1:exposure|se,table_6,"Table 6, p. 119",pipeline,"Column 1 (shown tweet, OLS): Exposure: followed subject shown tweet encouragement, standard error",0.02938262818741655,0.029,1,0.02938262818741644,1,NA,
coppock_guess_ternovski_2016,table_6|m1:constant|coef,table_6,"Table 6, p. 119",pipeline,"Column 1 (shown tweet, OLS): Constant, coefficient",0.150433,0.150,1,0.15043250973954098,1,NA,
coppock_guess_ternovski_2016,table_6|m1:constant|se,table_6,"Table 6, p. 119",pipeline,"Column 1 (shown tweet, OLS): Constant, standard error",0.02511277882739798,0.025,1,0.02511277882739795,1,NA,
coppock_guess_ternovski_2016,table_6|m2:exposure|coef,table_6,"Table 6, p. 119",pipeline,"Column 2 (signed, OLS): Exposure: followed subject shown tweet encouragement, coefficient",0.0048,0.005,1,0.00479977963344833,1,NA,
coppock_guess_ternovski_2016,table_6|m2:exposure|se,table_6,"Table 6, p. 119",pipeline,"Column 2 (signed, OLS): Exposure: followed subject shown tweet encouragement, standard error",0.00649401092583085,0.006,1,0.00649401092583085,1,NA,
coppock_guess_ternovski_2016,table_6|m2:constant|coef,table_6,"Table 6, p. 119",pipeline,"Column 2 (signed, OLS): Constant, coefficient",0.009561,0.010,1,0.00956079643400002,1,NA,
coppock_guess_ternovski_2016,table_6|m2:constant|se,table_6,"Table 6, p. 119",pipeline,"Column 2 (signed, OLS): Constant, standard error",0.00477646401457989,0.005,1,0.00477646401457991,1,NA,
coppock_guess_ternovski_2016,table_6|m3:actual_exposure|coef,table_6,"Table 6, p. 119",pipeline,"Column 3 (signed, IV): Exposure: followed subject tweeted, coefficient",0.007649,0.008,1,0.0076486215689084,1,NA,
coppock_guess_ternovski_2016,table_6|m3:actual_exposure|se,table_6,"Table 6, p. 119",pipeline,"Column 3 (signed, IV): Exposure: followed subject tweeted, standard error",0.01035683757490117,0.010,1,0.010357653865463671,1,NA,
coppock_guess_ternovski_2016,table_6|m3:constant|coef,table_6,"Table 6, p. 119",pipeline,"Column 3 (signed, IV): Constant, coefficient",0.00841,0.008,1,0.00841019509534117,1,NA,
coppock_guess_ternovski_2016,table_6|m3:constant|se,table_6,"Table 6, p. 119",pipeline,"Column 3 (signed, IV): Constant, standard error",0.00601906082475827,0.006,1,0.0060189411797108,1,NA,
coppock_guess_ternovski_2016,table_6|m4:exposure|coef,table_6,"Table 6, p. 119",pipeline,"Column 4 (tweeted, OLS): Exposure: followed subject shown tweet encouragement, coefficient",-0.003513,-0.004,1,-0.00351328983799446,1,NA,
coppock_guess_ternovski_2016,table_6|m4:exposure|se,table_6,"Table 6, p. 119",pipeline,"Column 4 (tweeted, OLS): Exposure: followed subject shown tweet encouragement, standard error",0.01030923291733777,0.010,1,0.01030923291733774,1,NA,
coppock_guess_ternovski_2016,table_6|m4:constant|coef,table_6,"Table 6, p. 119",pipeline,"Column 4 (tweeted, OLS): Constant, coefficient",0.011872,0.012,1,0.01187218135097552,1,NA,
coppock_guess_ternovski_2016,table_6|m4:constant|se,table_6,"Table 6, p. 119",pipeline,"Column 4 (tweeted, OLS): Constant, standard error",0.00972168239521929,0.010,1,0.00972168239521928,1,NA,
coppock_guess_ternovski_2016,table_6|m5:actual_exposure|coef,table_6,"Table 6, p. 119",pipeline,"Column 5 (tweeted, IV): Exposure: followed subject tweeted, coefficient",-0.005599,-0.006,1,-0.00559855378472979,1,NA,
coppock_guess_ternovski_2016,table_6|m5:actual_exposure|se,table_6,"Table 6, p. 119",pipeline,"Column 5 (tweeted, IV): Exposure: followed subject tweeted, standard error",0.01637567348770258,0.016,1,0.01641724822695176,1,NA,
coppock_guess_ternovski_2016,table_6|m5:constant|coef,table_6,"Table 6, p. 119",pipeline,"Column 5 (tweeted, IV): Constant, coefficient",0.012714,0.013,1,0.01271438584772424,1,NA,
coppock_guess_ternovski_2016,table_6|m5:constant|se,table_6,"Table 6, p. 119",pipeline,"Column 5 (tweeted, IV): Constant, standard error",0.01203981328917529,0.012,1,0.01207338525089541,1,NA,
coppock_guess_ternovski_2016,table_6|m1|n,table_6,"Table 6, p. 119",pipeline,"Column 1 (shown tweet, OLS), N",1176,1176,1,1176,1,NA,
coppock_guess_ternovski_2016,table_6|m1|r2,table_6,"Table 6, p. 119",pipeline,"Column 1 (shown tweet, OLS), R squared",0.373934307322549,0.374,1,0.3739343073225482,1,NA,
coppock_guess_ternovski_2016,table_6|m2|n,table_6,"Table 6, p. 119",pipeline,"Column 2 (signed, OLS), N",1176,1176,1,1176,1,NA,
coppock_guess_ternovski_2016,table_6|m2|r2,table_6,"Table 6, p. 119",pipeline,"Column 2 (signed, OLS), R squared",4.394181094890107e-4,0.0004,1,4.394181094812266e-4,1,NA,
coppock_guess_ternovski_2016,table_6|m3|n,table_6,"Table 6, p. 119",pipeline,"Column 3 (signed, IV), N",1176,1176,1,1176,1,NA,
coppock_guess_ternovski_2016,table_6|m3|r2,table_6,"Table 6, p. 119",pipeline,"Column 3 (signed, IV), R squared",-8.054234654293335e-4,-0.001,1,-8.054234654351067e-4,1,NA,
coppock_guess_ternovski_2016,table_6|m4|n,table_6,"Table 6, p. 119",pipeline,"Column 4 (tweeted, OLS), N",1176,1176,1,1176,1,NA,
coppock_guess_ternovski_2016,table_6|m4|r2,table_6,"Table 6, p. 119",pipeline,"Column 4 (tweeted, OLS), R squared",3.0323934159742435e-4,0.0003,1,3.0323934160070287e-4,1,NA,
coppock_guess_ternovski_2016,table_6|m5|n,table_6,"Table 6, p. 119",pipeline,"Column 5 (tweeted, IV), N",1176,1176,1,1176,1,NA,
coppock_guess_ternovski_2016,table_6|m5|r2,table_6,"Table 6, p. 119",pipeline,"Column 5 (tweeted, IV), R squared",0.00139083005986873,0.001,1,0.00139083005986928,1,NA,
coppock_guess_ternovski_2016,table_9|m1:exposure|coef,table_9,"Table 9, p. 122",pipeline,"Column 1 (shown tweet, OLS): Exposure: followed subject shown tweet encouragement, coefficient",0.351738,0.352,1,0.3517377078180768,1,NA,
coppock_guess_ternovski_2016,table_9|m1:exposure|se,table_9,"Table 9, p. 122",pipeline,"Column 1 (shown tweet, OLS): Exposure: followed subject shown tweet encouragement, standard error",0.03071713719812342,0.031,1,0.03071713719812343,1,NA,
coppock_guess_ternovski_2016,table_9|m1:constant|coef,table_9,"Table 9, p. 122",pipeline,"Column 1 (shown tweet, OLS): Constant, coefficient",0.137495,0.137,1,0.13749483946538874,1,NA,
coppock_guess_ternovski_2016,table_9|m1:constant|se,table_9,"Table 9, p. 122",pipeline,"Column 1 (shown tweet, OLS): Constant, standard error",0.02727009904837796,0.027,1,0.02727009904837794,1,NA,
coppock_guess_ternovski_2016,table_9|m2:exposure|coef,table_9,"Table 9, p. 122",pipeline,"Column 2 (signed, OLS): Exposure: followed subject shown tweet encouragement, coefficient",0.019528,0.020,1,0.01952820521133583,1,NA,
coppock_guess_ternovski_2016,table_9|m2:exposure|se,table_9,"Table 9, p. 122",pipeline,"Column 2 (signed, OLS): Exposure: followed subject shown tweet encouragement, standard error",0.00606528649209057,0.006,1,0.00606528649209058,1,NA,
coppock_guess_ternovski_2016,table_9|m2:constant|coef,table_9,"Table 9, p. 122",pipeline,"Column 2 (signed, OLS): Constant, coefficient",0.009766,0.010,1,0.00976575930071686,1,NA,
coppock_guess_ternovski_2016,table_9|m2:constant|se,table_9,"Table 9, p. 122",pipeline,"Column 2 (signed, OLS): Constant, standard error",0.00359727836415393,0.004,1,0.00359727836415392,1,NA,
coppock_guess_ternovski_2016,table_9|m3:actual_exposure|coef,table_9,"Table 9, p. 122",pipeline,"Column 3 (signed, IV): Exposure: followed subject tweeted, coefficient",0.055519,0.056,1,0.05551922576761676,1,NA,
coppock_guess_ternovski_2016,table_9|m3:actual_exposure|se,table_9,"Table 9, p. 122",pipeline,"Column 3 (signed, IV): Exposure: followed subject tweeted, standard error",0.01821343183891742,0.018,1,0.018226456617044,1,NA,
coppock_guess_ternovski_2016,table_9|m3:constant|coef,table_9,"Table 9, p. 122",pipeline,"Column 3 (signed, IV): Constant, coefficient",0.002132,0.002,1,0.0021321522665557,1,NA,
coppock_guess_ternovski_2016,table_9|m3:constant|se,table_9,"Table 9, p. 122",pipeline,"Column 3 (signed, IV): Constant, standard error",0.0058960837404354,0.006,1,0.00590274719016812,1,NA,
coppock_guess_ternovski_2016,table_9|m4:exposure|coef,table_9,"Table 9, p. 122",pipeline,"Column 4 (tweeted, OLS): Exposure: followed subject shown tweet encouragement, coefficient",0.00443,0.004,1,0.00442980492025386,1,NA,
coppock_guess_ternovski_2016,table_9|m4:exposure|se,table_9,"Table 9, p. 122",pipeline,"Column 4 (tweeted, OLS): Exposure: followed subject shown tweet encouragement, standard error",0.00332486896518981,0.003,1,0.00332486896518981,1,NA,
coppock_guess_ternovski_2016,table_9|m4:constant|coef,table_9,"Table 9, p. 122",pipeline,"Column 4 (tweeted, OLS): Constant, coefficient",0.004355,0.004,1,0.00435507610072849,1,NA,
coppock_guess_ternovski_2016,table_9|m4:constant|se,table_9,"Table 9, p. 122",pipeline,"Column 4 (tweeted, OLS): Constant, standard error",0.00218187524856734,0.002,1,0.00218187524856733,1,NA,
coppock_guess_ternovski_2016,table_9|m5:actual_exposure|coef,table_9,"Table 9, p. 122",pipeline,"Column 5 (tweeted, IV): Exposure: followed subject tweeted, coefficient",0.012594,0.013,1,0.01259405750874176,1,NA,
coppock_guess_ternovski_2016,table_9|m5:actual_exposure|se,table_9,"Table 9, p. 122",pipeline,"Column 5 (tweeted, IV): Exposure: followed subject tweeted, standard error",0.00955850913858067,0.010,1,0.00955849724043506,1,NA,
coppock_guess_ternovski_2016,table_9|m5:constant|coef,table_9,"Table 9, p. 122",pipeline,"Column 5 (tweeted, IV): Constant, coefficient",0.002623,0.003,1,0.00262345818534616,1,NA,
coppock_guess_ternovski_2016,table_9|m5:constant|se,table_9,"Table 9, p. 122",pipeline,"Column 5 (tweeted, IV): Constant, standard error",0.00325004981851256,0.003,1,0.00324919593319931,1,NA,
coppock_guess_ternovski_2016,table_9|m1|n,table_9,"Table 9, p. 122",pipeline,"Column 1 (shown tweet, OLS), N",1975,1975,1,1975,1,NA,
coppock_guess_ternovski_2016,table_9|m1|r2,table_9,"Table 9, p. 122",pipeline,"Column 1 (shown tweet, OLS), R squared",0.14154676754055104,0.142,1,0.1415467675405504,1,NA,
coppock_guess_ternovski_2016,table_9|m2|n,table_9,"Table 9, p. 122",pipeline,"Column 2 (signed, OLS), N",1975,1975,1,1975,1,NA,
coppock_guess_ternovski_2016,table_9|m2|r2,table_9,"Table 9, p. 122",pipeline,"Column 2 (signed, OLS), R squared",0.00486122413121556,0.005,1,0.00486122413121825,1,NA,
coppock_guess_ternovski_2016,table_9|m3|n,table_9,"Table 9, p. 122",pipeline,"Column 3 (signed, IV), N",1975,1975,1,1975,1,NA,
coppock_guess_ternovski_2016,table_9|m3|r2,table_9,"Table 9, p. 122",pipeline,"Column 3 (signed, IV), R squared",-0.05063421041834504,-0.051,1,-0.0506342104183437,1,NA,
coppock_guess_ternovski_2016,table_9|m4|n,table_9,"Table 9, p. 122",pipeline,"Column 4 (tweeted, OLS), N",1975,1975,1,1975,1,NA,
coppock_guess_ternovski_2016,table_9|m4|r2,table_9,"Table 9, p. 122",pipeline,"Column 4 (tweeted, OLS), R squared",7.389322908193982e-4,0.001,1,7.389322908201157e-4,1,NA,
coppock_guess_ternovski_2016,table_9|m5|n,table_9,"Table 9, p. 122",pipeline,"Column 5 (tweeted, IV), N",1975,1975,1,1975,1,NA,
coppock_guess_ternovski_2016,table_9|m5|r2,table_9,"Table 9, p. 122",pipeline,"Column 5 (tweeted, IV), R squared",-0.0080955716856037,-0.008,1,-0.00809557168560415,1,NA,
coppock_guess_ternovski_2016,table_a2|account_female:pub|mean,table_a2,"Online Appendix 2, Table A2",pipeline,"Account type: female, Public tweet, mean",0.3089232438296706,0.309,1,0.3089232438296706,1,NA,
coppock_guess_ternovski_2016,table_a2|account_female:pub|se,table_a2,"Online Appendix 2, Table A2",pipeline,"Account type: female, Public tweet, standard error",0.00761045760175743,0.008,1,0.00761045760175743,1,NA,
coppock_guess_ternovski_2016,table_a2|account_female:fol|mean,table_a2,"Online Appendix 2, Table A2",pipeline,"Account type: female, Follower DM, mean",0.2873333333333336,0.287,1,0.2873333333333336,1,NA,
coppock_guess_ternovski_2016,table_a2|account_female:fol|se,table_a2,"Online Appendix 2, Table A2",pipeline,"Account type: female, Follower DM, standard error",0.01168787106987509,0.012,1,0.01168787106987509,1,NA,
coppock_guess_ternovski_2016,table_a2|account_female:org|mean,table_a2,"Online Appendix 2, Table A2",pipeline,"Account type: female, Organizer DM, mean",0.30733333333333346,0.307,1,0.30733333333333346,1,NA,
coppock_guess_ternovski_2016,table_a2|account_female:org|se,table_a2,"Online Appendix 2, Table A2",pipeline,"Account type: female, Organizer DM, standard error",0.01191697864213114,0.012,1,0.01191697864213114,1,NA,
coppock_guess_ternovski_2016,table_a2|account_male:pub|mean,table_a2,"Online Appendix 2, Table A2",pipeline,"Account type: male, Public tweet, mean",0.3807973962571172,0.381,1,0.3807973962571172,1,NA,
coppock_guess_ternovski_2016,table_a2|account_male:pub|se,table_a2,"Online Appendix 2, Table A2",pipeline,"Account type: male, Public tweet, standard error",0.00799807931468991,0.008,1,0.00799807931468991,1,NA,
coppock_guess_ternovski_2016,table_a2|account_male:fol|mean,table_a2,"Online Appendix 2, Table A2",pipeline,"Account type: male, Follower DM, mean",0.3753333333333339,0.375,1,0.3753333333333339,1,NA,
coppock_guess_ternovski_2016,table_a2|account_male:fol|se,table_a2,"Online Appendix 2, Table A2",pipeline,"Account type: male, Follower DM, standard error",0.01250638855350528,0.013,1,0.01250638855350528,1,NA,
coppock_guess_ternovski_2016,table_a2|account_male:org|mean,table_a2,"Online Appendix 2, Table A2",pipeline,"Account type: male, Organizer DM, mean",0.4013333333333331,0.401,1,0.4013333333333331,1,NA,
coppock_guess_ternovski_2016,table_a2|account_male:org|se,table_a2,"Online Appendix 2, Table A2",pipeline,"Account type: male, Organizer DM, standard error",0.01266030995768823,0.013,1,0.01266030995768823,1,NA,
coppock_guess_ternovski_2016,table_a2|account_org:pub|mean,table_a2,"Online Appendix 2, Table A2",pipeline,"Account type: organization, Public tweet, mean",0.24491456468673653,0.245,1,0.24491456468673653,1,NA,
coppock_guess_ternovski_2016,table_a2|account_org:pub|se,table_a2,"Online Appendix 2, Table A2",pipeline,"Account type: organization, Public tweet, standard error",0.00708317036447038,0.007,1,0.00708317036447038,1,NA,
coppock_guess_ternovski_2016,table_a2|account_org:fol|mean,table_a2,"Online Appendix 2, Table A2",pipeline,"Account type: organization, Follower DM, mean",0.2540000000000012,0.254,1,0.2540000000000012,1,NA,
coppock_guess_ternovski_2016,table_a2|account_org:fol|se,table_a2,"Online Appendix 2, Table A2",pipeline,"Account type: organization, Follower DM, standard error",0.01124308400567378,0.011,1,0.01124308400567378,1,NA,
coppock_guess_ternovski_2016,table_a2|account_org:org|mean,table_a2,"Online Appendix 2, Table A2",pipeline,"Account type: organization, Organizer DM, mean",0.23000000000000095,0.230,1,0.23000000000000095,1,NA,
coppock_guess_ternovski_2016,table_a2|account_org:org|se,table_a2,"Online Appendix 2, Table A2",pipeline,"Account type: organization, Organizer DM, standard error",0.01086947240149472,0.011,1,0.01086947240149472,1,NA,
coppock_guess_ternovski_2016,table_a2|account_unknown:pub|mean,table_a2,"Online Appendix 2, Table A2",pipeline,"Account type: unknown, Public tweet, mean",0.06536479522647118,0.065,1,0.06536479522647118,1,NA,
coppock_guess_ternovski_2016,table_a2|account_unknown:pub|se,table_a2,"Online Appendix 2, Table A2",pipeline,"Account type: unknown, Public tweet, standard error",0.00407113360183373,0.004,1,0.00407113360183373,1,NA,
coppock_guess_ternovski_2016,table_a2|account_unknown:fol|mean,table_a2,"Online Appendix 2, Table A2",pipeline,"Account type: unknown, Follower DM, mean",0.08333333333333331,0.083,1,0.08333333333333331,1,NA,
coppock_guess_ternovski_2016,table_a2|account_unknown:fol|se,table_a2,"Online Appendix 2, Table A2",pipeline,"Account type: unknown, Follower DM, standard error",0.00713862025828892,0.007,1,0.00713862025828892,1,NA,
coppock_guess_ternovski_2016,table_a2|account_unknown:org|mean,table_a2,"Online Appendix 2, Table A2",pipeline,"Account type: unknown, Organizer DM, mean",0.06133333333333315,0.061,1,0.06133333333333315,1,NA,
coppock_guess_ternovski_2016,table_a2|account_unknown:org|se,table_a2,"Online Appendix 2, Table A2",pipeline,"Account type: unknown, Organizer DM, standard error",0.00619730921164018,0.006,1,0.00619730921164018,1,NA,
coppock_guess_ternovski_2016,table_a2|num_followers:pub|mean,table_a2,"Online Appendix 2, Table A2",pipeline,"Number of followers, Public tweet, mean",596.2403037700027,596.240,1,596.2403037700062,1,NA,
coppock_guess_ternovski_2016,table_a2|num_followers:pub|se,table_a2,"Online Appendix 2, Table A2",pipeline,"Number of followers, Public tweet, standard error",14.145594366891777,14.146,1,14.145594366891777,1,NA,
coppock_guess_ternovski_2016,table_a2|num_followers:fol|mean,table_a2,"Online Appendix 2, Table A2",pipeline,"Number of followers, Follower DM, mean",616.6026666666667,616.603,1,616.6026666666615,1,NA,
coppock_guess_ternovski_2016,table_a2|num_followers:fol|se,table_a2,"Online Appendix 2, Table A2",pipeline,"Number of followers, Follower DM, standard error",22.09915578295857,22.099,1,22.09915578295857,1,NA,
coppock_guess_ternovski_2016,table_a2|num_followers:org|mean,table_a2,"Online Appendix 2, Table A2",pipeline,"Number of followers, Organizer DM, mean",635.7326666666667,635.733,1,635.7326666666629,1,NA,
coppock_guess_ternovski_2016,table_a2|num_followers:org|se,table_a2,"Online Appendix 2, Table A2",pipeline,"Number of followers, Organizer DM, standard error",23.357181286141557,23.357,1,23.357181286141557,1,NA,
coppock_guess_ternovski_2016,table_a2|days_on_twitter:pub|mean,table_a2,"Online Appendix 2, Table A2",pipeline,"Days on Twitter, Public tweet, mean",1631.4378632714945,1631.438,1,1631.4378632714945,1,NA,
coppock_guess_ternovski_2016,table_a2|days_on_twitter:pub|se,table_a2,"Online Appendix 2, Table A2",pipeline,"Days on Twitter, Public tweet, standard error",8.983096159288733,8.983,1,8.983096159288733,1,NA,
coppock_guess_ternovski_2016,table_a2|days_on_twitter:fol|mean,table_a2,"Online Appendix 2, Table A2",pipeline,"Days on Twitter, Follower DM, mean",1637.3621511232054,1637.362,1,1637.3621511232054,1,NA,
coppock_guess_ternovski_2016,table_a2|days_on_twitter:fol|se,table_a2,"Online Appendix 2, Table A2",pipeline,"Days on Twitter, Follower DM, standard error",14.189151209734984,14.189,1,14.189151209734984,1,NA,
coppock_guess_ternovski_2016,table_a2|days_on_twitter:org|mean,table_a2,"Online Appendix 2, Table A2",pipeline,"Days on Twitter, Organizer DM, mean",1637.1794177386707,1637.179,1,1637.1794177386707,1,NA,
coppock_guess_ternovski_2016,table_a2|days_on_twitter:org|se,table_a2,"Online Appendix 2, Table A2",pipeline,"Days on Twitter, Organizer DM, standard error",14.153273798121646,14.153,1,14.153273798121646,1,NA,
coppock_guess_ternovski_2016,table_a2|centrality:pub|mean,table_a2,"Online Appendix 2, Table A2",pipeline,"Eigenvector centrality, Public tweet, mean",0.03875298596070829,0.039,1,0.03875298596070829,1,NA,
coppock_guess_ternovski_2016,table_a2|centrality:pub|se,table_a2,"Online Appendix 2, Table A2",pipeline,"Eigenvector centrality, Public tweet, standard error",0.0013289453931997,0.001,1,0.0013289453931997,1,NA,
coppock_guess_ternovski_2016,table_a2|centrality:fol|mean,table_a2,"Online Appendix 2, Table A2",pipeline,"Eigenvector centrality, Follower DM, mean",0.038116923796750433,0.038,1,0.038116923796750433,1,NA,
coppock_guess_ternovski_2016,table_a2|centrality:fol|se,table_a2,"Online Appendix 2, Table A2",pipeline,"Eigenvector centrality, Follower DM, standard error",0.00194450080616787,0.002,1,0.00194450080616787,1,NA,
coppock_guess_ternovski_2016,table_a2|centrality:org|mean,table_a2,"Online Appendix 2, Table A2",pipeline,"Eigenvector centrality, Organizer DM, mean",0.03831269652754483,0.038,1,0.03831269652754483,1,NA,
coppock_guess_ternovski_2016,table_a2|centrality:org|se,table_a2,"Online Appendix 2, Table A2",pipeline,"Eigenvector centrality, Organizer DM, standard error",0.00203963964014858,0.002,1,0.00203963964014858,1,NA,
coppock_guess_ternovski_2016,table_a2|account_type|p_value,table_a2,"Online Appendix 2, Table A2",pipeline,"Account type, p-value",0.07183590355564326,0.072,1,0.07183590355564326,1,NA,
coppock_guess_ternovski_2016,table_a2|num_followers|p_value,table_a2,"Online Appendix 2, Table A2",pipeline,"Number of followers, p-value",0.31248373186476136,0.312,1,0.31248373186476136,1,NA,
coppock_guess_ternovski_2016,table_a2|days_on_twitter|p_value,table_a2,"Online Appendix 2, Table A2",pipeline,"Days on Twitter, p-value",0.9101901767219456,0.910,1,0.9101901767219456,1,NA,
coppock_guess_ternovski_2016,table_a2|centrality|p_value,table_a2,"Online Appendix 2, Table A2",pipeline,"Eigenvector centrality, p-value",0.9602650511488404,0.960,1,0.9602650511488404,1,NA,
coppock_guess_ternovski_2016,table_a2|pub|n,table_a2,"Online Appendix 2, Table A2",pipeline,"Public tweet, N",3687,3687,1,3687,1,NA,
coppock_guess_ternovski_2016,table_a2|fol|n,table_a2,"Online Appendix 2, Table A2",pipeline,"Follower DM, N",1500,1500,1,1500,1,NA,
coppock_guess_ternovski_2016,table_a2|org|n,table_a2,"Online Appendix 2, Table A2",pipeline,"Organizer DM, N",1500,1500,1,1500,1,NA,
coppock_guess_ternovski_2016,table_a2|omnibus|p_value,table_a2,"Online Appendix 2, Table A2",pipeline,Omnibus p-value,0.579,0.607,0,0.579,0,archive,"Randomization inference p-value over 1,000 permutations drawn with complete_ra(). The deposit's own comments install randomizr from GitHub rather than from CRAN and name no version, and the released package no longer accepts the argument the deposit passes it, so the stream behind the published value cannot be reconstructed, and the old sampler does not recover it either."
coppock_guess_ternovski_2016,table_a3|account_female:pub|mean,table_a3,"Online Appendix 2, Table A3",pipeline,"Account type: female, Public tweet, mean",0.31502145922746877,0.315,1,0.31502145922746877,1,NA,
coppock_guess_ternovski_2016,table_a3|account_female:pub|se,table_a3,"Online Appendix 2, Table A3",pipeline,"Account type: female, Public tweet, standard error",0.00785863471040876,0.008,1,0.00785863471040876,1,NA,
coppock_guess_ternovski_2016,table_a3|account_female:fol|mean,table_a3,"Online Appendix 2, Table A3",pipeline,"Account type: female, Follower DM, mean",0.3294635708566851,0.329,1,0.3294635708566851,1,NA,
coppock_guess_ternovski_2016,table_a3|account_female:fol|se,table_a3,"Online Appendix 2, Table A3",pipeline,"Account type: female, Follower DM, standard error",0.0094060139406615,0.009,1,0.0094060139406615,1,NA,
coppock_guess_ternovski_2016,table_a3|account_female:org|mean,table_a3,"Online Appendix 2, Table A3",pipeline,"Account type: female, Organizer DM, mean",0.3480509148766905,0.348,1,0.3480509148766905,1,NA,
coppock_guess_ternovski_2016,table_a3|account_female:org|se,table_a3,"Online Appendix 2, Table A3",pipeline,"Account type: female, Organizer DM, standard error",0.0095023710683853,0.010,1,0.0095023710683853,1,NA,
coppock_guess_ternovski_2016,table_a3|account_male:pub|mean,table_a3,"Online Appendix 2, Table A3",pipeline,"Account type: male, Public tweet, mean",0.40486409155937103,0.405,1,0.40486409155937103,1,NA,
coppock_guess_ternovski_2016,table_a3|account_male:pub|se,table_a3,"Online Appendix 2, Table A3",pipeline,"Account type: male, Public tweet, standard error",0.00830426609705825,0.008,1,0.00830426609705825,1,NA,
coppock_guess_ternovski_2016,table_a3|account_male:fol|mean,table_a3,"Online Appendix 2, Table A3",pipeline,"Account type: male, Follower DM, mean",0.3923138510808652,0.392,1,0.3923138510808652,1,NA,
coppock_guess_ternovski_2016,table_a3|account_male:fol|se,table_a3,"Online Appendix 2, Table A3",pipeline,"Account type: male, Follower DM, standard error",0.00977118460529217,0.010,1,0.00977118460529217,1,NA,
coppock_guess_ternovski_2016,table_a3|account_male:org|mean,table_a3,"Online Appendix 2, Table A3",pipeline,"Account type: male, Organizer DM, mean",0.37867939538584017,0.379,1,0.37867939538584017,1,NA,
coppock_guess_ternovski_2016,table_a3|account_male:org|se,table_a3,"Online Appendix 2, Table A3",pipeline,"Account type: male, Organizer DM, standard error",0.00967603590681116,0.010,1,0.00967603590681116,1,NA,
coppock_guess_ternovski_2016,table_a3|account_org:pub|mean,table_a3,"Online Appendix 2, Table A3",pipeline,"Account type: organization, Public tweet, mean",0.22403433476395024,0.224,1,0.22403433476395024,1,NA,
coppock_guess_ternovski_2016,table_a3|account_org:pub|se,table_a3,"Online Appendix 2, Table A3",pipeline,"Account type: organization, Public tweet, standard error",0.00705370176091982,0.007,1,0.00705370176091982,1,NA,
coppock_guess_ternovski_2016,table_a3|account_org:fol|mean,table_a3,"Online Appendix 2, Table A3",pipeline,"Account type: organization, Follower DM, mean",0.2217774219375499,0.222,1,0.2217774219375499,1,NA,
coppock_guess_ternovski_2016,table_a3|account_org:fol|se,table_a3,"Online Appendix 2, Table A3",pipeline,"Account type: organization, Follower DM, standard error",0.00831383320795204,0.008,1,0.00831383320795204,1,NA,
coppock_guess_ternovski_2016,table_a3|account_org:org|mean,table_a3,"Online Appendix 2, Table A3",pipeline,"Account type: organization, Organizer DM, mean",0.2143993635640414,0.214,1,0.2143993635640414,1,NA,
coppock_guess_ternovski_2016,table_a3|account_org:org|se,table_a3,"Online Appendix 2, Table A3",pipeline,"Account type: organization, Organizer DM, standard error",0.00818684211349119,0.008,1,0.00818684211349119,1,NA,
coppock_guess_ternovski_2016,table_a3|account_unknown:pub|mean,table_a3,"Online Appendix 2, Table A3",pipeline,"Account type: unknown, Public tweet, mean",0.05608011444921317,0.056,1,0.05608011444921317,1,NA,
coppock_guess_ternovski_2016,table_a3|account_unknown:pub|se,table_a3,"Online Appendix 2, Table A3",pipeline,"Account type: unknown, Public tweet, standard error",0.0038923381511547,0.004,1,0.0038923381511547,1,NA,
coppock_guess_ternovski_2016,table_a3|account_unknown:fol|mean,table_a3,"Online Appendix 2, Table A3",pipeline,"Account type: unknown, Follower DM, mean",0.05644515612489998,0.056,1,0.05644515612489998,1,NA,
coppock_guess_ternovski_2016,table_a3|account_unknown:fol|se,table_a3,"Online Appendix 2, Table A3",pipeline,"Account type: unknown, Follower DM, standard error",0.00461835850409,0.005,1,0.00461835850409,1,NA,
coppock_guess_ternovski_2016,table_a3|account_unknown:org|mean,table_a3,"Online Appendix 2, Table A3",pipeline,"Account type: unknown, Organizer DM, mean",0.05887032617342901,0.059,1,0.05887032617342901,1,NA,
coppock_guess_ternovski_2016,table_a3|account_unknown:org|se,table_a3,"Online Appendix 2, Table A3",pipeline,"Account type: unknown, Organizer DM, standard error",0.00469544448519142,0.005,1,0.00469544448519142,1,NA,
coppock_guess_ternovski_2016,table_a3|num_followers:pub|mean,table_a3,"Online Appendix 2, Table A3",pipeline,"Number of followers, Public tweet, mean",585.5988555078684,585.599,1,585.5988555078719,1,NA,
coppock_guess_ternovski_2016,table_a3|num_followers:pub|se,table_a3,"Online Appendix 2, Table A3",pipeline,"Number of followers, Public tweet, standard error",14.468971410936192,14.469,1,14.468971410936192,1,NA,
coppock_guess_ternovski_2016,table_a3|num_followers:fol|mean,table_a3,"Online Appendix 2, Table A3",pipeline,"Number of followers, Follower DM, mean",580.738190552442,580.738,1,580.7381905524346,1,NA,
coppock_guess_ternovski_2016,table_a3|num_followers:fol|se,table_a3,"Online Appendix 2, Table A3",pipeline,"Number of followers, Follower DM, standard error",16.998872536025782,16.999,1,16.998872536025782,1,NA,
coppock_guess_ternovski_2016,table_a3|num_followers:org|mean,table_a3,"Online Appendix 2, Table A3",pipeline,"Number of followers, Organizer DM, mean",581.2812251392204,581.281,1,581.2812251392236,1,NA,
coppock_guess_ternovski_2016,table_a3|num_followers:org|se,table_a3,"Online Appendix 2, Table A3",pipeline,"Number of followers, Organizer DM, standard error",16.995869568427285,16.996,1,16.995869568427285,1,NA,
coppock_guess_ternovski_2016,table_a3|days_on_twitter:pub|mean,table_a3,"Online Appendix 2, Table A3",pipeline,"Days on Twitter, Public tweet, mean",1559.5033131662587,1559.503,1,1559.5033131662587,1,NA,
coppock_guess_ternovski_2016,table_a3|days_on_twitter:pub|se,table_a3,"Online Appendix 2, Table A3",pipeline,"Days on Twitter, Public tweet, standard error",10.066658959971148,10.067,1,10.066658959971148,1,NA,
coppock_guess_ternovski_2016,table_a3|days_on_twitter:fol|mean,table_a3,"Online Appendix 2, Table A3",pipeline,"Days on Twitter, Follower DM, mean",1554.4277035237,1554.428,1,1554.4277035237,1,NA,
coppock_guess_ternovski_2016,table_a3|days_on_twitter:fol|se,table_a3,"Online Appendix 2, Table A3",pipeline,"Days on Twitter, Follower DM, standard error",12.13126134054063,12.131,1,12.13126134054063,1,NA,
coppock_guess_ternovski_2016,table_a3|days_on_twitter:org|mean,table_a3,"Online Appendix 2, Table A3",pipeline,"Days on Twitter, Organizer DM, mean",1552.5861513687496,1552.586,1,1552.5861513687496,1,NA,
coppock_guess_ternovski_2016,table_a3|days_on_twitter:org|se,table_a3,"Online Appendix 2, Table A3",pipeline,"Days on Twitter, Organizer DM, standard error",11.987983883653545,11.988,1,11.987983883653545,1,NA,
coppock_guess_ternovski_2016,table_a3|centrality:pub|mean,table_a3,"Online Appendix 2, Table A3",pipeline,"Eigenvector centrality, Public tweet, mean",0.03210684744416511,0.032,1,0.03210684744416511,1,NA,
coppock_guess_ternovski_2016,table_a3|centrality:pub|se,table_a3,"Online Appendix 2, Table A3",pipeline,"Eigenvector centrality, Public tweet, standard error",0.00113098285714429,0.001,1,0.00113098285714429,1,NA,
coppock_guess_ternovski_2016,table_a3|centrality:fol|mean,table_a3,"Online Appendix 2, Table A3",pipeline,"Eigenvector centrality, Follower DM, mean",0.03091491867012333,0.031,1,0.03091491867012333,1,NA,
coppock_guess_ternovski_2016,table_a3|centrality:fol|se,table_a3,"Online Appendix 2, Table A3",pipeline,"Eigenvector centrality, Follower DM, standard error",0.00134524720343858,0.001,1,0.00134524720343858,1,NA,
coppock_guess_ternovski_2016,table_a3|centrality:org|mean,table_a3,"Online Appendix 2, Table A3",pipeline,"Eigenvector centrality, Organizer DM, mean",0.03021373482145548,0.030,1,0.03021373482145548,1,NA,
coppock_guess_ternovski_2016,table_a3|centrality:org|se,table_a3,"Online Appendix 2, Table A3",pipeline,"Eigenvector centrality, Organizer DM, standard error",0.00134303811134817,0.001,1,0.00134303811134817,1,NA,
coppock_guess_ternovski_2016,table_a3|account_type|p_value,table_a3,"Online Appendix 2, Table A3",pipeline,"Account type, p-value",0.4254064253845239,0.425,1,0.42540642538452433,1,NA,
coppock_guess_ternovski_2016,table_a3|num_followers|p_value,table_a3,"Online Appendix 2, Table A3",pipeline,"Number of followers, p-value",0.5354491499965262,0.535,1,0.5354491499965262,1,NA,
coppock_guess_ternovski_2016,table_a3|days_on_twitter|p_value,table_a3,"Online Appendix 2, Table A3",pipeline,"Days on Twitter, p-value",0.6005859699927254,0.601,1,0.6005859699927268,1,NA,
coppock_guess_ternovski_2016,table_a3|centrality|p_value,table_a3,"Online Appendix 2, Table A3",pipeline,"Eigenvector centrality, p-value",0.5370804453939257,0.537,1,0.5370804453939246,1,NA,
coppock_guess_ternovski_2016,table_a3|pub|n,table_a3,"Online Appendix 2, Table A3",pipeline,"Public tweet, N",3495,3495,1,3495,1,NA,
coppock_guess_ternovski_2016,table_a3|fol|n,table_a3,"Online Appendix 2, Table A3",pipeline,"Follower DM, N",2498,2498,1,2498,1,NA,
coppock_guess_ternovski_2016,table_a3|org|n,table_a3,"Online Appendix 2, Table A3",pipeline,"Organizer DM, N",2514,2514,1,2514,1,NA,
coppock_guess_ternovski_2016,table_a3|omnibus|p_value,table_a3,"Online Appendix 2, Table A3",pipeline,Omnibus p-value,0.117,0.113,0,0.108,0,environment,"Randomization inference p-value over 1,000 permutations. The deposit's own strata_ra() reproduces the published value exactly under RNGkind(sample.kind = 'Rounding'); both figures here use the sampler R has shipped since 3.6.0."
coppock_guess_ternovski_2016,table_a4|m1:treat_fol|coef,table_a4,"Online Appendix 3, Table A4",pipeline,"Column 1 (signed, centrality): Treatment: follower, coefficient",0.039303,0.039,1,0.03930264537453251,1,NA,
coppock_guess_ternovski_2016,table_a4|m1:treat_fol|se,table_a4,"Online Appendix 3, Table A4",pipeline,"Column 1 (signed, centrality): Treatment: follower, standard error",0.0050152553589478,0.005,1,0.00501525535894792,1,NA,
coppock_guess_ternovski_2016,table_a4|m1:treat_org|coef,table_a4,"Online Appendix 3, Table A4",pipeline,"Column 1 (signed, centrality): Treatment: organizer, coefficient",0.033348,0.033,1,0.03334798413319426,1,NA,
coppock_guess_ternovski_2016,table_a4|m1:treat_org|se,table_a4,"Online Appendix 3, Table A4",pipeline,"Column 1 (signed, centrality): Treatment: organizer, standard error",0.00464128142219886,0.005,1,0.00464128142219922,1,NA,
coppock_guess_ternovski_2016,table_a4|m1:centrality|coef,table_a4,"Online Appendix 3, Table A4",pipeline,"Column 1 (signed, centrality): Eigenvector centrality, coefficient",0,0.000,1,-1.8872667377587686e-17,1,NA,
coppock_guess_ternovski_2016,table_a4|m1:centrality|se,table_a4,"Online Appendix 3, Table A4",pipeline,"Column 1 (signed, centrality): Eigenvector centrality, standard error",4e-5,0.000,1,NA,NA,NA,"Standard error undefined: the coefficient is identified only within the public tweet arm, where no subject signed or tweeted, so the robust variance of the term is zero up to floating point and comes back very slightly negative. The deposit's HC2 wrapper returns 4e-05, which prints as 0.000; lm_robust takes the square root and returns NaN, so the rewrite records the cell as unverifiable."
coppock_guess_ternovski_2016,table_a4|m1:fol_x_centrality|coef,table_a4,"Online Appendix 3, Table A4",pipeline,"Column 1 (signed, centrality): Follower x centrality, coefficient",-0.006153,-0.006,1,-0.00615312738508135,1,NA,
coppock_guess_ternovski_2016,table_a4|m1:fol_x_centrality|se,table_a4,"Online Appendix 3, Table A4",pipeline,"Column 1 (signed, centrality): Follower x centrality, standard error",0.00323828331847948,0.003,1,0.00323828331847945,1,NA,
coppock_guess_ternovski_2016,table_a4|m1:org_x_centrality|coef,table_a4,"Online Appendix 3, Table A4",pipeline,"Column 1 (signed, centrality): Organizer x centrality, coefficient",0.00583,0.006,1,0.00582974140946608,1,NA,
coppock_guess_ternovski_2016,table_a4|m1:org_x_centrality|se,table_a4,"Online Appendix 3, Table A4",pipeline,"Column 1 (signed, centrality): Organizer x centrality, standard error",0.00865827339958957,0.009,1,0.00865827339958966,1,NA,
coppock_guess_ternovski_2016,table_a4|m1:constant|coef,table_a4,"Online Appendix 3, Table A4",pipeline,"Column 1 (signed, centrality): Constant, coefficient",0,0.000,1,-3.3828776506059992e-18,1,NA,
coppock_guess_ternovski_2016,table_a4|m1:constant|se,table_a4,"Online Appendix 3, Table A4",pipeline,"Column 1 (signed, centrality): Constant, standard error",1.0966411022872956e-10,0.000,1,6.790096858871128e-11,1,NA,
coppock_guess_ternovski_2016,table_a4|m1|n,table_a4,"Online Appendix 3, Table A4",pipeline,"Column 1 (signed, centrality), N",6687,6687,1,6687,1,NA,
coppock_guess_ternovski_2016,table_a4|m1|r2,table_a4,"Online Appendix 3, Table A4",pipeline,"Column 1 (signed, centrality), R squared",0.02156991063966827,0.022,1,0.02156991063952607,1,NA,
coppock_guess_ternovski_2016,table_a4|m2:treat_fol|coef,table_a4,"Online Appendix 3, Table A4",pipeline,"Column 2 (signed, followers): Treatment: follower, coefficient",0.039377,0.039,1,0.03937714691992058,1,NA,
coppock_guess_ternovski_2016,table_a4|m2:treat_fol|se,table_a4,"Online Appendix 3, Table A4",pipeline,"Column 2 (signed, followers): Treatment: follower, standard error",0.00502510072910232,0.005,1,0.00502510072910242,1,NA,
coppock_guess_ternovski_2016,table_a4|m2:treat_org|coef,table_a4,"Online Appendix 3, Table A4",pipeline,"Column 2 (signed, followers): Treatment: organizer, coefficient",0.033379,0.033,1,0.03337935110273037,1,NA,
coppock_guess_ternovski_2016,table_a4|m2:treat_org|se,table_a4,"Online Appendix 3, Table A4",pipeline,"Column 2 (signed, followers): Treatment: organizer, standard error",0.00464489771404389,0.005,1,0.00464489771404423,1,NA,
coppock_guess_ternovski_2016,table_a4|m2:followers|coef,table_a4,"Online Appendix 3, Table A4",pipeline,"Column 2 (signed, followers): Number of followers, coefficient",0,0.000,1,-2.8740283225956655e-18,1,NA,
coppock_guess_ternovski_2016,table_a4|m2:followers|se,table_a4,"Online Appendix 3, Table A4",pipeline,"Column 2 (signed, followers): Number of followers, standard error",4e-5,0.000,1,2.993112144665846e-11,1,NA,
coppock_guess_ternovski_2016,table_a4|m2:fol_x_followers|coef,table_a4,"Online Appendix 3, Table A4",pipeline,"Column 2 (signed, followers): Follower x followers, coefficient",-0.005488,-0.005,1,-0.005487662089876,1,NA,
coppock_guess_ternovski_2016,table_a4|m2:fol_x_followers|se,table_a4,"Online Appendix 3, Table A4",pipeline,"Column 2 (signed, followers): Follower x followers, standard error",0.00330852249955059,0.003,1,0.00330852249955061,1,NA,
coppock_guess_ternovski_2016,table_a4|m2:org_x_followers|coef,table_a4,"Online Appendix 3, Table A4",pipeline,"Column 2 (signed, followers): Organizer x followers, coefficient",-0.001534,-0.002,1,-0.00153369433065685,1,NA,
coppock_guess_ternovski_2016,table_a4|m2:org_x_followers|se,table_a4,"Online Appendix 3, Table A4",pipeline,"Column 2 (signed, followers): Organizer x followers, standard error",0.0038590044332143,0.004,1,0.00385900443321432,1,NA,
coppock_guess_ternovski_2016,table_a4|m2:constant|coef,table_a4,"Online Appendix 3, Table A4",pipeline,"Column 2 (signed, followers): Constant, coefficient",0,0.000,1,5.943331752899745e-17,1,NA,
coppock_guess_ternovski_2016,table_a4|m2:constant|se,table_a4,"Online Appendix 3, Table A4",pipeline,"Column 2 (signed, followers): Constant, standard error",1.0945791580971195e-10,0.000,1,1.9480351115866584e-11,1,NA,
coppock_guess_ternovski_2016,table_a4|m2|n,table_a4,"Online Appendix 3, Table A4",pipeline,"Column 2 (signed, followers), N",6687,6687,1,6687,1,NA,
coppock_guess_ternovski_2016,table_a4|m2|r2,table_a4,"Online Appendix 3, Table A4",pipeline,"Column 2 (signed, followers), R squared",0.02106112572729313,0.021,1,0.02106112572715024,1,NA,
coppock_guess_ternovski_2016,table_a4|m3:treat_fol|coef,table_a4,"Online Appendix 3, Table A4",pipeline,"Column 3 (signed, days on Twitter): Treatment: follower, coefficient",0.039346,0.039,1,0.03934569339729196,1,NA,
coppock_guess_ternovski_2016,table_a4|m3:treat_fol|se,table_a4,"Online Appendix 3, Table A4",pipeline,"Column 3 (signed, days on Twitter): Treatment: follower, standard error",0.00502452920891679,0.005,1,0.00502452920891686,1,NA,
coppock_guess_ternovski_2016,table_a4|m3:treat_org|coef,table_a4,"Online Appendix 3, Table A4",pipeline,"Column 3 (signed, days on Twitter): Treatment: organizer, coefficient",0.03333,0.033,1,0.03332974005843162,1,NA,
coppock_guess_ternovski_2016,table_a4|m3:treat_org|se,table_a4,"Online Appendix 3, Table A4",pipeline,"Column 3 (signed, days on Twitter): Treatment: organizer, standard error",0.0046374342923228,0.005,1,0.00463743429232316,1,NA,
coppock_guess_ternovski_2016,table_a4|m3:days|coef,table_a4,"Online Appendix 3, Table A4",pipeline,"Column 3 (signed, days on Twitter): Days on Twitter, coefficient",0,0.000,1,5.169718571298198e-18,1,NA,
coppock_guess_ternovski_2016,table_a4|m3:days|se,table_a4,"Online Appendix 3, Table A4",pipeline,"Column 3 (signed, days on Twitter): Days on Twitter, standard error",4e-5,0.000,1,5.6424072633203646e-11,1,NA,
coppock_guess_ternovski_2016,table_a4|m3:fol_x_days|coef,table_a4,"Online Appendix 3, Table A4",pipeline,"Column 3 (signed, days on Twitter): Follower x days on Twitter, coefficient",-0.002069,-0.002,1,-0.00206871535266653,1,NA,
coppock_guess_ternovski_2016,table_a4|m3:fol_x_days|se,table_a4,"Online Appendix 3, Table A4",pipeline,"Column 3 (signed, days on Twitter): Follower x days on Twitter, standard error",0.00617110703491993,0.006,1,0.00617110703491992,1,NA,
coppock_guess_ternovski_2016,table_a4|m3:org_x_days|coef,table_a4,"Online Appendix 3, Table A4",pipeline,"Column 3 (signed, days on Twitter): Organizer x days on Twitter, coefficient",6.33e-4,0.001,1,6.331650457189227e-4,1,NA,
coppock_guess_ternovski_2016,table_a4|m3:org_x_days|se,table_a4,"Online Appendix 3, Table A4",pipeline,"Column 3 (signed, days on Twitter): Organizer x days on Twitter, standard error",0.00460249967342503,0.005,1,0.00460249967342507,1,NA,
coppock_guess_ternovski_2016,table_a4|m3:constant|coef,table_a4,"Online Appendix 3, Table A4",pipeline,"Column 3 (signed, days on Twitter): Constant, coefficient",0,0.000,1,9.048181173906126e-17,1,NA,
coppock_guess_ternovski_2016,table_a4|m3:constant|se,table_a4,"Online Appendix 3, Table A4",pipeline,"Column 3 (signed, days on Twitter): Constant, standard error",1.2419149235776494e-10,0.000,1,NA,NA,NA,"Standard error undefined: the coefficient is identified only within the public tweet arm, where no subject signed or tweeted, so the robust variance of the term is zero up to floating point and comes back very slightly negative. The deposit's HC2 wrapper returns 1.24e-10, which prints as 0.000; lm_robust takes the square root and returns NaN, so the rewrite records the cell as unverifiable."
coppock_guess_ternovski_2016,table_a4|m3|n,table_a4,"Online Appendix 3, Table A4",pipeline,"Column 3 (signed, days on Twitter), N",6687,6687,1,6687,1,NA,
coppock_guess_ternovski_2016,table_a4|m3|r2,table_a4,"Online Appendix 3, Table A4",pipeline,"Column 3 (signed, days on Twitter), R squared",0.0206814465776202,0.021,1,0.02068144657747683,1,NA,
coppock_guess_ternovski_2016,table_a4|m4:treat_fol|coef,table_a4,"Online Appendix 3, Table A4",pipeline,"Column 4 (signed, account type): Treatment: follower, coefficient",0.053364,0.053,1,0.05336426914153055,1,NA,
coppock_guess_ternovski_2016,table_a4|m4:treat_fol|se,table_a4,"Online Appendix 3, Table A4",pipeline,"Column 4 (signed, account type): Treatment: follower, standard error",0.01083883241808311,0.011,1,0.0108388324180817,1,NA,
coppock_guess_ternovski_2016,table_a4|m4:treat_org|coef,table_a4,"Online Appendix 3, Table A4",pipeline,"Column 4 (signed, account type): Treatment: organizer, coefficient",0.047722,0.048,1,0.04772234273318751,1,NA,
coppock_guess_ternovski_2016,table_a4|m4:treat_org|se,table_a4,"Online Appendix 3, Table A4",pipeline,"Column 4 (signed, account type): Treatment: organizer, standard error",0.00993948217718035,0.010,1,0.00993948217718198,1,NA,
coppock_guess_ternovski_2016,table_a4|m4:account_male|coef,table_a4,"Online Appendix 3, Table A4",pipeline,"Column 4 (signed, account type): Account type: male, coefficient",0,0.000,1,-9.793140938635494e-17,1,NA,
coppock_guess_ternovski_2016,table_a4|m4:account_male|se,table_a4,"Online Appendix 3, Table A4",pipeline,"Column 4 (signed, account type): Account type: male, standard error",2.9856593243660334e-10,0.000,1,NA,NA,NA,"Standard error undefined: the coefficient is identified only within the public tweet arm, where no subject signed or tweeted, so the robust variance of the term is zero up to floating point and comes back very slightly negative. The deposit's HC2 wrapper returns 2.99e-10, which prints as 0.000; lm_robust takes the square root and returns NaN, so the rewrite records the cell as unverifiable."
coppock_guess_ternovski_2016,table_a4|m4:account_org|coef,table_a4,"Online Appendix 3, Table A4",pipeline,"Column 4 (signed, account type): Account type: organization, coefficient",0,0.000,1,-4.0465078130061375e-16,1,NA,
coppock_guess_ternovski_2016,table_a4|m4:account_org|se,table_a4,"Online Appendix 3, Table A4",pipeline,"Column 4 (signed, account type): Account type: organization, standard error",4e-5,0.000,1,NA,NA,NA,"Standard error undefined: the coefficient is identified only within the public tweet arm, where no subject signed or tweeted, so the robust variance of the term is zero up to floating point and comes back very slightly negative. The deposit's HC2 wrapper returns 4e-05, which prints as 0.000; lm_robust takes the square root and returns NaN, so the rewrite records the cell as unverifiable."
coppock_guess_ternovski_2016,table_a4|m4:account_unknown|coef,table_a4,"Online Appendix 3, Table A4",pipeline,"Column 4 (signed, account type): Account type: unknown, coefficient",-0,0.000,1,-3.105260852692939e-16,1,NA,
coppock_guess_ternovski_2016,table_a4|m4:account_unknown|se,table_a4,"Online Appendix 3, Table A4",pipeline,"Column 4 (signed, account type): Account type: unknown, standard error",4e-5,0.000,1,NA,NA,NA,"Standard error undefined: the coefficient is identified only within the public tweet arm, where no subject signed or tweeted, so the robust variance of the term is zero up to floating point and comes back very slightly negative. The deposit's HC2 wrapper returns 4e-05, which prints as 0.000; lm_robust takes the square root and returns NaN, so the rewrite records the cell as unverifiable."
coppock_guess_ternovski_2016,table_a4|m4:fol_x_male|coef,table_a4,"Online Appendix 3, Table A4",pipeline,"Column 4 (signed, account type): Follower x male, coefficient",-0.005407,-0.005,1,-0.00540689791595413,1,NA,
coppock_guess_ternovski_2016,table_a4|m4:fol_x_male|se,table_a4,"Online Appendix 3, Table A4",pipeline,"Column 4 (signed, account type): Follower x male, standard error",0.01409685508780171,0.014,1,0.01409685508780062,1,NA,
coppock_guess_ternovski_2016,table_a4|m4:org_x_male|coef,table_a4,"Online Appendix 3, Table A4",pipeline,"Column 4 (signed, account type): Organizer x male, coefficient",-0.011177,-0.011,1,-0.01117749223484964,1,NA,
coppock_guess_ternovski_2016,table_a4|m4:org_x_male|se,table_a4,"Online Appendix 3, Table A4",pipeline,"Column 4 (signed, account type): Organizer x male, standard error",0.01254503377199686,0.013,1,0.01254503377199673,1,NA,
coppock_guess_ternovski_2016,table_a4|m4:fol_x_org|coef,table_a4,"Online Appendix 3, Table A4",pipeline,"Column 4 (signed, account type): Follower x organization, coefficient",-0.042866,-0.043,1,-0.04286558147748915,1,NA,
coppock_guess_ternovski_2016,table_a4|m4:fol_x_org|se,table_a4,"Online Appendix 3, Table A4",pipeline,"Column 4 (signed, account type): Follower x organization, standard error",0.01203404979877178,0.012,1,0.01203404979877098,1,NA,
coppock_guess_ternovski_2016,table_a4|m4:org_x_org|coef,table_a4,"Online Appendix 3, Table A4",pipeline,"Column 4 (signed, account type): Organizer x organization, coefficient",-0.036128,-0.036,1,-0.03612813983463742,1,NA,
coppock_guess_ternovski_2016,table_a4|m4:org_x_org|se,table_a4,"Online Appendix 3, Table A4",pipeline,"Column 4 (signed, account type): Organizer x organization, standard error",0.01149376405808341,0.011,1,0.01149376405808406,1,NA,
coppock_guess_ternovski_2016,table_a4|m4:fol_x_unknown|coef,table_a4,"Online Appendix 3, Table A4",pipeline,"Column 4 (signed, account type): Follower x unknown, coefficient",-0.013364,-0.013,1,-0.0133642691415313,1,NA,
coppock_guess_ternovski_2016,table_a4|m4:fol_x_unknown|se,table_a4,"Online Appendix 3, Table A4",pipeline,"Column 4 (signed, account type): Follower x unknown, standard error",0.02066779396892819,0.021,1,0.02066779396892922,1,NA,
coppock_guess_ternovski_2016,table_a4|m4:org_x_unknown|coef,table_a4,"Online Appendix 3, Table A4",pipeline,"Column 4 (signed, account type): Organizer x unknown, coefficient",-0.025983,-0.026,1,-0.02598321229840591,1,NA,
coppock_guess_ternovski_2016,table_a4|m4:org_x_unknown|se,table_a4,"Online Appendix 3, Table A4",pipeline,"Column 4 (signed, account type): Organizer x unknown, standard error",0.01823435095559021,0.018,1,0.01823435095559095,1,NA,
coppock_guess_ternovski_2016,table_a4|m4:constant|coef,table_a4,"Online Appendix 3, Table A4",pipeline,"Column 4 (signed, account type): Constant, coefficient",0,0.000,1,6.931783962109543e-16,1,NA,
coppock_guess_ternovski_2016,table_a4|m4:constant|se,table_a4,"Online Appendix 3, Table A4",pipeline,"Column 4 (signed, account type): Constant, standard error",4e-5,0.000,1,NA,NA,NA,"Standard error undefined: the coefficient is identified only within the public tweet arm, where no subject signed or tweeted, so the robust variance of the term is zero up to floating point and comes back very slightly negative. The deposit's HC2 wrapper returns 4e-05, which prints as 0.000; lm_robust takes the square root and returns NaN, so the rewrite records the cell as unverifiable."
coppock_guess_ternovski_2016,table_a4|m4|n,table_a4,"Online Appendix 3, Table A4",pipeline,"Column 4 (signed, account type), N",6687,6687,1,6687,1,NA,
coppock_guess_ternovski_2016,table_a4|m4|r2,table_a4,"Online Appendix 3, Table A4",pipeline,"Column 4 (signed, account type), R squared",0.02733757647525138,0.027,1,0.02733757647510237,1,NA,
coppock_guess_ternovski_2016,table_a4|m5:treat_fol|coef,table_a4,"Online Appendix 3, Table A4",pipeline,"Column 5 (tweeted, centrality): Treatment: follower, coefficient",0.02732,0.027,1,0.0273201870224269,1,NA,
coppock_guess_ternovski_2016,table_a4|m5:treat_fol|se,table_a4,"Online Appendix 3, Table A4",pipeline,"Column 5 (tweeted, centrality): Treatment: follower, standard error",0.00420928168117453,0.004,1,0.00420928168117462,1,NA,
coppock_guess_ternovski_2016,table_a4|m5:treat_org|coef,table_a4,"Online Appendix 3, Table A4",pipeline,"Column 5 (tweeted, centrality): Treatment: organizer, coefficient",0.015994,0.016,1,0.01599432159744721,1,NA,
coppock_guess_ternovski_2016,table_a4|m5:treat_org|se,table_a4,"Online Appendix 3, Table A4",pipeline,"Column 5 (tweeted, centrality): Treatment: organizer, standard error",0.00323930955340176,0.003,1,0.003239309553402,1,NA,
coppock_guess_ternovski_2016,table_a4|m5:centrality|coef,table_a4,"Online Appendix 3, Table A4",pipeline,"Column 5 (tweeted, centrality): Eigenvector centrality, coefficient",-0,0.000,1,9.322767862299019e-18,1,NA,
coppock_guess_ternovski_2016,table_a4|m5:centrality|se,table_a4,"Online Appendix 3, Table A4",pipeline,"Column 5 (tweeted, centrality): Eigenvector centrality, standard error",4.410148999697326e-11,0.000,1,NA,NA,NA,"Standard error undefined: the coefficient is identified only within the public tweet arm, where no subject signed or tweeted, so the robust variance of the term is zero up to floating point and comes back very slightly negative. The deposit's HC2 wrapper returns 4.41e-11, which prints as 0.000; lm_robust takes the square root and returns NaN, so the rewrite records the cell as unverifiable."
coppock_guess_ternovski_2016,table_a4|m5:fol_x_centrality|coef,table_a4,"Online Appendix 3, Table A4",pipeline,"Column 5 (tweeted, centrality): Follower x centrality, coefficient",-0.002636,-0.003,1,-0.00263591743511082,1,NA,
coppock_guess_ternovski_2016,table_a4|m5:fol_x_centrality|se,table_a4,"Online Appendix 3, Table A4",pipeline,"Column 5 (tweeted, centrality): Follower x centrality, standard error",0.00230046028094752,0.002,1,0.00230046028094749,1,NA,
coppock_guess_ternovski_2016,table_a4|m5:org_x_centrality|coef,table_a4,"Online Appendix 3, Table A4",pipeline,"Column 5 (tweeted, centrality): Organizer x centrality, coefficient",-0.00226,-0.002,1,-0.00225950929752595,1,NA,
coppock_guess_ternovski_2016,table_a4|m5:org_x_centrality|se,table_a4,"Online Appendix 3, Table A4",pipeline,"Column 5 (tweeted, centrality): Organizer x centrality, standard error",0.00120640578158981,0.001,1,0.00120640578158982,1,NA,
coppock_guess_ternovski_2016,table_a4|m5:constant|coef,table_a4,"Online Appendix 3, Table A4",pipeline,"Column 5 (tweeted, centrality): Constant, coefficient",0,0.000,1,2.9007537129073216e-17,1,NA,
coppock_guess_ternovski_2016,table_a4|m5:constant|se,table_a4,"Online Appendix 3, Table A4",pipeline,"Column 5 (tweeted, centrality): Constant, standard error",1.1127671125613756e-10,0.000,1,1.0984964909596696e-11,1,NA,
coppock_guess_ternovski_2016,table_a4|m5|n,table_a4,"Online Appendix 3, Table A4",pipeline,"Column 5 (tweeted, centrality), N",6687,6687,1,6687,1,NA,
coppock_guess_ternovski_2016,table_a4|m5|r2,table_a4,"Online Appendix 3, Table A4",pipeline,"Column 5 (tweeted, centrality), R squared",0.0138252664561113,0.014,1,0.01382526645613368,1,NA,
coppock_guess_ternovski_2016,table_a4|m6:treat_fol|coef,table_a4,"Online Appendix 3, Table A4",pipeline,"Column 6 (tweeted, followers): Treatment: follower, coefficient",0.027362,0.027,1,0.02736162865669472,1,NA,
coppock_guess_ternovski_2016,table_a4|m6:treat_fol|se,table_a4,"Online Appendix 3, Table A4",pipeline,"Column 6 (tweeted, followers): Treatment: follower, standard error",0.00421537731370647,0.004,1,0.00421537731370655,1,NA,
coppock_guess_ternovski_2016,table_a4|m6:treat_org|coef,table_a4,"Online Appendix 3, Table A4",pipeline,"Column 6 (tweeted, followers): Treatment: organizer, coefficient",0.01608,0.016,1,0.01608027027785088,1,NA,
coppock_guess_ternovski_2016,table_a4|m6:treat_org|se,table_a4,"Online Appendix 3, Table A4",pipeline,"Column 6 (tweeted, followers): Treatment: organizer, standard error",0.00325712968726842,0.003,1,0.00325712968726866,1,NA,
coppock_guess_ternovski_2016,table_a4|m6:followers|coef,table_a4,"Online Appendix 3, Table A4",pipeline,"Column 6 (tweeted, followers): Number of followers, coefficient",-0,0.000,1,-2.9564622111327188e-18,1,NA,
coppock_guess_ternovski_2016,table_a4|m6:followers|se,table_a4,"Online Appendix 3, Table A4",pipeline,"Column 6 (tweeted, followers): Number of followers, standard error",4e-5,0.000,1,NA,NA,NA,"Standard error undefined: the coefficient is identified only within the public tweet arm, where no subject signed or tweeted, so the robust variance of the term is zero up to floating point and comes back very slightly negative. The deposit's HC2 wrapper returns 4e-05, which prints as 0.000; lm_robust takes the square root and returns NaN, so the rewrite records the cell as unverifiable."
coppock_guess_ternovski_2016,table_a4|m6:fol_x_followers|coef,table_a4,"Online Appendix 3, Table A4",pipeline,"Column 6 (tweeted, followers): Follower x followers, coefficient",-0.003544,-0.004,1,-0.0035439959479703,1,NA,
coppock_guess_ternovski_2016,table_a4|m6:fol_x_followers|se,table_a4,"Online Appendix 3, Table A4",pipeline,"Column 6 (tweeted, followers): Follower x followers, standard error",0.00263459333667666,0.003,1,0.00263459333667668,1,NA,
coppock_guess_ternovski_2016,table_a4|m6:org_x_followers|coef,table_a4,"Online Appendix 3, Table A4",pipeline,"Column 6 (tweeted, followers): Organizer x followers, coefficient",-0.002675,-0.003,1,-0.00267527243656822,1,NA,
coppock_guess_ternovski_2016,table_a4|m6:org_x_followers|se,table_a4,"Online Appendix 3, Table A4",pipeline,"Column 6 (tweeted, followers): Organizer x followers, standard error",0.00193630499721005,0.002,1,0.00193630499721005,1,NA,
coppock_guess_ternovski_2016,table_a4|m6:constant|coef,table_a4,"Online Appendix 3, Table A4",pipeline,"Column 6 (tweeted, followers): Constant, coefficient",0,0.000,1,5.0772498925889226e-17,1,NA,
coppock_guess_ternovski_2016,table_a4|m6:constant|se,table_a4,"Online Appendix 3, Table A4",pipeline,"Column 6 (tweeted, followers): Constant, standard error",3.7950690743619305e-11,0.000,1,2.0237145617797737e-11,1,NA,
coppock_guess_ternovski_2016,table_a4|m6|n,table_a4,"Online Appendix 3, Table A4",pipeline,"Column 6 (tweeted, followers), N",6687,6687,1,6687,1,NA,
coppock_guess_ternovski_2016,table_a4|m6|r2,table_a4,"Online Appendix 3, Table A4",pipeline,"Column 6 (tweeted, followers), R squared",0.0140248141122383,0.014,1,0.01402481411226053,1,NA,
coppock_guess_ternovski_2016,table_a4|m7:treat_fol|coef,table_a4,"Online Appendix 3, Table A4",pipeline,"Column 7 (tweeted, days on Twitter): Treatment: follower, coefficient",0.027356,0.027,1,0.02735645453252343,1,NA,
coppock_guess_ternovski_2016,table_a4|m7:treat_fol|se,table_a4,"Online Appendix 3, Table A4",pipeline,"Column 7 (tweeted, days on Twitter): Treatment: follower, standard error",0.00421561050006288,0.004,1,0.00421561050006291,1,NA,
coppock_guess_ternovski_2016,table_a4|m7:treat_org|coef,table_a4,"Online Appendix 3, Table A4",pipeline,"Column 7 (tweeted, days on Twitter): Treatment: organizer, coefficient",0.015997,0.016,1,0.01599744554010023,1,NA,
coppock_guess_ternovski_2016,table_a4|m7:treat_org|se,table_a4,"Online Appendix 3, Table A4",pipeline,"Column 7 (tweeted, days on Twitter): Treatment: organizer, standard error",0.00324154501666032,0.003,1,0.00324154501666057,1,NA,
coppock_guess_ternovski_2016,table_a4|m7:days|coef,table_a4,"Online Appendix 3, Table A4",pipeline,"Column 7 (tweeted, days on Twitter): Days on Twitter, coefficient",0,0.000,1,-1.7316421097660164e-18,1,NA,
coppock_guess_ternovski_2016,table_a4|m7:days|se,table_a4,"Online Appendix 3, Table A4",pipeline,"Column 7 (tweeted, days on Twitter): Days on Twitter, standard error",4e-5,0.000,1,NA,NA,NA,"Standard error undefined: the coefficient is identified only within the public tweet arm, where no subject signed or tweeted, so the robust variance of the term is zero up to floating point and comes back very slightly negative. The deposit's HC2 wrapper returns 4e-05, which prints as 0.000; lm_robust takes the square root and returns NaN, so the rewrite records the cell as unverifiable."
coppock_guess_ternovski_2016,table_a4|m7:fol_x_days|coef,table_a4,"Online Appendix 3, Table A4",pipeline,"Column 7 (tweeted, days on Twitter): Follower x days on Twitter, coefficient",-0.00387,-0.004,1,-0.00386981652334086,1,NA,
coppock_guess_ternovski_2016,table_a4|m7:fol_x_days|se,table_a4,"Online Appendix 3, Table A4",pipeline,"Column 7 (tweeted, days on Twitter): Follower x days on Twitter, standard error",0.00487984412368388,0.005,1,0.00487984412368384,1,NA,
coppock_guess_ternovski_2016,table_a4|m7:org_x_days|coef,table_a4,"Online Appendix 3, Table A4",pipeline,"Column 7 (tweeted, days on Twitter): Organizer x days on Twitter, coefficient",4.5e-4,0.000,1,4.501171670630887e-4,1,NA,
coppock_guess_ternovski_2016,table_a4|m7:org_x_days|se,table_a4,"Online Appendix 3, Table A4",pipeline,"Column 7 (tweeted, days on Twitter): Organizer x days on Twitter, standard error",0.00340558670205297,0.003,1,0.003405586702053,1,NA,
coppock_guess_ternovski_2016,table_a4|m7:constant|coef,table_a4,"Online Appendix 3, Table A4",pipeline,"Column 7 (tweeted, days on Twitter): Constant, coefficient",0,0.000,1,5.580161727431368e-17,1,NA,
coppock_guess_ternovski_2016,table_a4|m7:constant|se,table_a4,"Online Appendix 3, Table A4",pipeline,"Column 7 (tweeted, days on Twitter): Constant, standard error",4e-5,0.000,1,3.1482505576001186e-11,1,NA,
coppock_guess_ternovski_2016,table_a4|m7|n,table_a4,"Online Appendix 3, Table A4",pipeline,"Column 7 (tweeted, days on Twitter), N",6687,6687,1,6687,1,NA,
coppock_guess_ternovski_2016,table_a4|m7|r2,table_a4,"Online Appendix 3, Table A4",pipeline,"Column 7 (tweeted, days on Twitter), R squared",0.01390915632415157,0.014,1,0.01390915632417366,1,NA,
coppock_guess_ternovski_2016,table_a4|m8:treat_fol|coef,table_a4,"Online Appendix 3, Table A4",pipeline,"Column 8 (tweeted, account type): Treatment: follower, coefficient",0.027842,0.028,1,0.02784222737819027,1,NA,
coppock_guess_ternovski_2016,table_a4|m8:treat_fol|se,table_a4,"Online Appendix 3, Table A4",pipeline,"Column 8 (tweeted, account type): Treatment: follower, standard error",0.00793388930003157,0.008,1,0.00793388930003076,1,NA,
coppock_guess_ternovski_2016,table_a4|m8:treat_org|coef,table_a4,"Online Appendix 3, Table A4",pipeline,"Column 8 (tweeted, account type): Treatment: organizer, coefficient",0.015184,0.015,1,0.0151843817787415,1,NA,
coppock_guess_ternovski_2016,table_a4|m8:treat_org|se,table_a4,"Online Appendix 3, Table A4",pipeline,"Column 8 (tweeted, account type): Treatment: organizer, standard error",0.00570160471856903,0.006,1,0.00570160471857002,1,NA,
coppock_guess_ternovski_2016,table_a4|m8:account_male|coef,table_a4,"Online Appendix 3, Table A4",pipeline,"Column 8 (tweeted, account type): Account type: male, coefficient",-0,0.000,1,-3.3699466014031996e-18,1,NA,
coppock_guess_ternovski_2016,table_a4|m8:account_male|se,table_a4,"Online Appendix 3, Table A4",pipeline,"Column 8 (tweeted, account type): Account type: male, standard error",1.6981147271393052e-10,0.000,1,1.4161867652494338e-10,1,NA,
coppock_guess_ternovski_2016,table_a4|m8:account_org|coef,table_a4,"Online Appendix 3, Table A4",pipeline,"Column 8 (tweeted, account type): Account type: organization, coefficient",-0,0.000,1,3.217145522791471e-17,1,NA,
coppock_guess_ternovski_2016,table_a4|m8:account_org|se,table_a4,"Online Appendix 3, Table A4",pipeline,"Column 8 (tweeted, account type): Account type: organization, standard error",7.782092236687815e-11,0.000,1,1.1781638713336282e-10,1,NA,
coppock_guess_ternovski_2016,table_a4|m8:account_unknown|coef,table_a4,"Online Appendix 3, Table A4",pipeline,"Column 8 (tweeted, account type): Account type: unknown, coefficient",0,0.000,1,-5.863354432855053e-17,1,NA,
coppock_guess_ternovski_2016,table_a4|m8:account_unknown|se,table_a4,"Online Appendix 3, Table A4",pipeline,"Column 8 (tweeted, account type): Account type: unknown, standard error",4e-5,0.000,1,NA,NA,NA,"Standard error undefined: the coefficient is identified only within the public tweet arm, where no subject signed or tweeted, so the robust variance of the term is zero up to floating point and comes back very slightly negative. The deposit's HC2 wrapper returns 4e-05, which prints as 0.000; lm_robust takes the square root and returns NaN, so the rewrite records the cell as unverifiable."
coppock_guess_ternovski_2016,table_a4|m8:fol_x_male|coef,table_a4,"Online Appendix 3, Table A4",pipeline,"Column 8 (tweeted, account type): Follower x male, coefficient",-0.001199,-0.001,1,-0.00119924336398048,1,NA,
coppock_guess_ternovski_2016,table_a4|m8:fol_x_male|se,table_a4,"Online Appendix 3, Table A4",pipeline,"Column 8 (tweeted, account type): Follower x male, standard error",0.01044466220107656,0.010,1,0.0104446622010759,1,NA,
coppock_guess_ternovski_2016,table_a4|m8:org_x_male|coef,table_a4,"Online Appendix 3, Table A4",pipeline,"Column 8 (tweeted, account type): Organizer x male, coefficient",0.004749,0.005,1,0.00474917303853404,1,NA,
coppock_guess_ternovski_2016,table_a4|m8:org_x_male|se,table_a4,"Online Appendix 3, Table A4",pipeline,"Column 8 (tweeted, account type): Organizer x male, standard error",0.00806315486845931,0.008,1,0.00806315486845904,1,NA,
coppock_guess_ternovski_2016,table_a4|m8:fol_x_org|coef,table_a4,"Online Appendix 3, Table A4",pipeline,"Column 8 (tweeted, account type): Follower x organization, coefficient",-0.006845,-0.007,1,-0.00684485205010627,1,NA,
coppock_guess_ternovski_2016,table_a4|m8:fol_x_org|se,table_a4,"Online Appendix 3, Table A4",pipeline,"Column 8 (tweeted, account type): Follower x organization, standard error",0.01081862348221455,0.011,1,0.01081862348221448,1,NA,
coppock_guess_ternovski_2016,table_a4|m8:org_x_org|coef,table_a4,"Online Appendix 3, Table A4",pipeline,"Column 8 (tweeted, account type): Organizer x organization, coefficient",-0.006489,-0.006,1,-0.00648872960482886,1,NA,
coppock_guess_ternovski_2016,table_a4|m8:org_x_org|se,table_a4,"Online Appendix 3, Table A4",pipeline,"Column 8 (tweeted, account type): Organizer x organization, standard error",0.00758726207576272,0.008,1,0.00758726207576292,1,NA,
coppock_guess_ternovski_2016,table_a4|m8:fol_x_unknown|coef,table_a4,"Online Appendix 3, Table A4",pipeline,"Column 8 (tweeted, account type): Follower x unknown, coefficient",0.020158,0.020,1,0.0201577726218099,1,NA,
coppock_guess_ternovski_2016,table_a4|m8:fol_x_unknown|se,table_a4,"Online Appendix 3, Table A4",pipeline,"Column 8 (tweeted, account type): Follower x unknown, standard error",0.02077168092517658,0.021,1,0.02077168092517815,1,NA,
coppock_guess_ternovski_2016,table_a4|m8:org_x_unknown|coef,table_a4,"Online Appendix 3, Table A4",pipeline,"Column 8 (tweeted, account type): Organizer x unknown, coefficient",0.006555,0.007,1,0.00655474865604114,1,NA,
coppock_guess_ternovski_2016,table_a4|m8:org_x_unknown|se,table_a4,"Online Appendix 3, Table A4",pipeline,"Column 8 (tweeted, account type): Organizer x unknown, standard error",0.01631583725059636,0.016,1,0.01631583725059663,1,NA,
coppock_guess_ternovski_2016,table_a4|m8:constant|coef,table_a4,"Online Appendix 3, Table A4",pipeline,"Column 8 (tweeted, account type): Constant, coefficient",0,0.000,1,9.691885853682819e-17,1,NA,
coppock_guess_ternovski_2016,table_a4|m8:constant|se,table_a4,"Online Appendix 3, Table A4",pipeline,"Column 8 (tweeted, account type): Constant, standard error",4e-5,0.000,1,1.307880843087537e-10,1,NA,
coppock_guess_ternovski_2016,table_a4|m8|n,table_a4,"Online Appendix 3, Table A4",pipeline,"Column 8 (tweeted, account type), N",6687,6687,1,6687,1,NA,
coppock_guess_ternovski_2016,table_a4|m8|r2,table_a4,"Online Appendix 3, Table A4",pipeline,"Column 8 (tweeted, account type), R squared",0.01511563855671325,0.015,1,0.0151156385567357,1,NA,
coppock_guess_ternovski_2016,table_a5|m1:treat_fol|coef,table_a5,"Online Appendix 3, Table A5",pipeline,"Column 1 (signed, centrality): Treatment: follower, coefficient",0.045626,0.046,1,0.04562640026752358,1,NA,
coppock_guess_ternovski_2016,table_a5|m1:treat_fol|se,table_a5,"Online Appendix 3, Table A5",pipeline,"Column 1 (signed, centrality): Treatment: follower, standard error",0.00417555837773699,0.004,1,0.00417555837773754,1,NA,
coppock_guess_ternovski_2016,table_a5|m1:treat_org|coef,table_a5,"Online Appendix 3, Table A5",pipeline,"Column 1 (signed, centrality): Treatment: organizer, coefficient",0.042473,0.042,1,0.04247328210744289,1,NA,
coppock_guess_ternovski_2016,table_a5|m1:treat_org|se,table_a5,"Online Appendix 3, Table A5",pipeline,"Column 1 (signed, centrality): Treatment: organizer, standard error",0.00401749027274912,0.004,1,0.00401749027274858,1,NA,
coppock_guess_ternovski_2016,table_a5|m1:centrality|coef,table_a5,"Online Appendix 3, Table A5",pipeline,"Column 1 (signed, centrality): Eigenvector centrality, coefficient",0,0.000,1,1.216118967259874e-17,1,NA,
coppock_guess_ternovski_2016,table_a5|m1:centrality|se,table_a5,"Online Appendix 3, Table A5",pipeline,"Column 1 (signed, centrality): Eigenvector centrality, standard error",1.9889628137239808e-10,0.000,1,NA,NA,NA,"Standard error undefined: the coefficient is identified only within the public tweet arm, where no subject signed or tweeted, so the robust variance of the term is zero up to floating point and comes back very slightly negative. The deposit's HC2 wrapper returns 1.99e-10, which prints as 0.000; lm_robust takes the square root and returns NaN, so the rewrite records the cell as unverifiable."
coppock_guess_ternovski_2016,table_a5|m1:fol_x_centrality|coef,table_a5,"Online Appendix 3, Table A5",pipeline,"Column 1 (signed, centrality): Follower x centrality, coefficient",-0.002497,-0.002,1,-0.00249673709494739,1,NA,
coppock_guess_ternovski_2016,table_a5|m1:fol_x_centrality|se,table_a5,"Online Appendix 3, Table A5",pipeline,"Column 1 (signed, centrality): Follower x centrality, standard error",0.00267308854733956,0.003,1,0.00267308854733963,1,NA,
coppock_guess_ternovski_2016,table_a5|m1:org_x_centrality|coef,table_a5,"Online Appendix 3, Table A5",pipeline,"Column 1 (signed, centrality): Organizer x centrality, coefficient",-0.006091,-0.006,1,-0.00609132597209301,1,NA,
coppock_guess_ternovski_2016,table_a5|m1:org_x_centrality|se,table_a5,"Online Appendix 3, Table A5",pipeline,"Column 1 (signed, centrality): Organizer x centrality, standard error",0.00273835169877477,0.003,1,0.00273835169877475,1,NA,
coppock_guess_ternovski_2016,table_a5|m1:constant|coef,table_a5,"Online Appendix 3, Table A5",pipeline,"Column 1 (signed, centrality): Constant, coefficient",0,0.000,1,-1.3772934088498318e-16,1,NA,
coppock_guess_ternovski_2016,table_a5|m1:constant|se,table_a5,"Online Appendix 3, Table A5",pipeline,"Column 1 (signed, centrality): Constant, standard error",1.6024525651997071e-10,0.000,1,5.8172377430133557e-11,1,NA,
coppock_guess_ternovski_2016,table_a5|m1|n,table_a5,"Online Appendix 3, Table A5",pipeline,"Column 1 (signed, centrality), N",8507,8507,1,8507,1,NA,
coppock_guess_ternovski_2016,table_a5|m1|r2,table_a5,"Online Appendix 3, Table A5",pipeline,"Column 1 (signed, centrality), R squared",0.01916354333557571,0.019,1,0.01916354333545011,1,NA,
coppock_guess_ternovski_2016,table_a5|m2:treat_fol|coef,table_a5,"Online Appendix 3, Table A5",pipeline,"Column 2 (signed, followers): Treatment: follower, coefficient",0.045633,0.046,1,0.04563341843832331,1,NA,
coppock_guess_ternovski_2016,table_a5|m2:treat_fol|se,table_a5,"Online Appendix 3, Table A5",pipeline,"Column 2 (signed, followers): Treatment: follower, standard error",0.00417678632746656,0.004,1,0.00417678632746705,1,NA,
coppock_guess_ternovski_2016,table_a5|m2:treat_org|coef,table_a5,"Online Appendix 3, Table A5",pipeline,"Column 2 (signed, followers): Treatment: organizer, coefficient",0.042554,0.043,1,0.04255443426431218,1,NA,
coppock_guess_ternovski_2016,table_a5|m2:treat_org|se,table_a5,"Online Appendix 3, Table A5",pipeline,"Column 2 (signed, followers): Treatment: organizer, standard error",0.00402609670115174,0.004,1,0.00402609670115115,1,NA,
coppock_guess_ternovski_2016,table_a5|m2:followers|coef,table_a5,"Online Appendix 3, Table A5",pipeline,"Column 2 (signed, followers): Number of followers, coefficient",0,0.000,1,-1.2127101876007419e-17,1,NA,
coppock_guess_ternovski_2016,table_a5|m2:followers|se,table_a5,"Online Appendix 3, Table A5",pipeline,"Column 2 (signed, followers): Number of followers, standard error",1.6725792135160902e-10,0.000,1,5.1170107592272556e-11,1,NA,
coppock_guess_ternovski_2016,table_a5|m2:fol_x_followers|coef,table_a5,"Online Appendix 3, Table A5",pipeline,"Column 2 (signed, followers): Follower x followers, coefficient",-0.001222,-0.001,1,-0.00122151322990648,1,NA,
coppock_guess_ternovski_2016,table_a5|m2:fol_x_followers|se,table_a5,"Online Appendix 3, Table A5",pipeline,"Column 2 (signed, followers): Follower x followers, standard error",0.00382001024698019,0.004,1,0.00382001024698025,1,NA,
coppock_guess_ternovski_2016,table_a5|m2:org_x_followers|coef,table_a5,"Online Appendix 3, Table A5",pipeline,"Column 2 (signed, followers): Organizer x followers, coefficient",-0.003814,-0.004,1,-0.00381350384873262,1,NA,
coppock_guess_ternovski_2016,table_a5|m2:org_x_followers|se,table_a5,"Online Appendix 3, Table A5",pipeline,"Column 2 (signed, followers): Organizer x followers, standard error",0.00345577647907436,0.003,1,0.00345577647907433,1,NA,
coppock_guess_ternovski_2016,table_a5|m2:constant|coef,table_a5,"Online Appendix 3, Table A5",pipeline,"Column 2 (signed, followers): Constant, coefficient",0,0.000,1,-4.975623451793568e-16,1,NA,
coppock_guess_ternovski_2016,table_a5|m2:constant|se,table_a5,"Online Appendix 3, Table A5",pipeline,"Column 2 (signed, followers): Constant, standard error",2.7899224574822427e-10,0.000,1,NA,NA,NA,"Standard error undefined: the coefficient is identified only within the public tweet arm, where no subject signed or tweeted, so the robust variance of the term is zero up to floating point and comes back very slightly negative. The deposit's HC2 wrapper returns 2.79e-10, which prints as 0.000; lm_robust takes the square root and returns NaN, so the rewrite records the cell as unverifiable."
coppock_guess_ternovski_2016,table_a5|m2|n,table_a5,"Online Appendix 3, Table A5",pipeline,"Column 2 (signed, followers), N",8507,8507,1,8507,1,NA,
coppock_guess_ternovski_2016,table_a5|m2|r2,table_a5,"Online Appendix 3, Table A5",pipeline,"Column 2 (signed, followers), R squared",0.0188405459549401,0.019,1,0.01884054595481665,1,NA,
coppock_guess_ternovski_2016,table_a5|m3:treat_fol|coef,table_a5,"Online Appendix 3, Table A5",pipeline,"Column 3 (signed, days on Twitter): Treatment: follower, coefficient",0.045631,0.046,1,0.0456312619575496,1,NA,
coppock_guess_ternovski_2016,table_a5|m3:treat_fol|se,table_a5,"Online Appendix 3, Table A5",pipeline,"Column 3 (signed, days on Twitter): Treatment: follower, standard error",0.00417695020290536,0.004,1,0.00417695020290583,1,NA,
coppock_guess_ternovski_2016,table_a5|m3:treat_org|coef,table_a5,"Online Appendix 3, Table A5",pipeline,"Column 3 (signed, days on Twitter): Treatment: organizer, coefficient",0.042563,0.043,1,0.04256300357246447,1,NA,
coppock_guess_ternovski_2016,table_a5|m3:treat_org|se,table_a5,"Online Appendix 3, Table A5",pipeline,"Column 3 (signed, days on Twitter): Treatment: organizer, standard error",0.0040279876318276,0.004,1,0.004027987631827,1,NA,
coppock_guess_ternovski_2016,table_a5|m3:days|coef,table_a5,"Online Appendix 3, Table A5",pipeline,"Column 3 (signed, days on Twitter): Days on Twitter, coefficient",0,0.000,1,1.392377515805925e-17,1,NA,
coppock_guess_ternovski_2016,table_a5|m3:days|se,table_a5,"Online Appendix 3, Table A5",pipeline,"Column 3 (signed, days on Twitter): Days on Twitter, standard error",2.593315962860014e-10,0.000,1,9.949681648468072e-11,1,NA,
coppock_guess_ternovski_2016,table_a5|m3:fol_x_days|coef,table_a5,"Online Appendix 3, Table A5",pipeline,"Column 3 (signed, days on Twitter): Follower x days on Twitter, coefficient",-0.002048,-0.002,1,-0.00204759045322528,1,NA,
coppock_guess_ternovski_2016,table_a5|m3:fol_x_days|se,table_a5,"Online Appendix 3, Table A5",pipeline,"Column 3 (signed, days on Twitter): Follower x days on Twitter, standard error",0.00489811520772699,0.005,1,0.00489811520772701,1,NA,
coppock_guess_ternovski_2016,table_a5|m3:org_x_days|coef,table_a5,"Online Appendix 3, Table A5",pipeline,"Column 3 (signed, days on Twitter): Organizer x days on Twitter, coefficient",2.4e-4,0.000,1,2.4048655522101257e-4,1,NA,
coppock_guess_ternovski_2016,table_a5|m3:org_x_days|se,table_a5,"Online Appendix 3, Table A5",pipeline,"Column 3 (signed, days on Twitter): Organizer x days on Twitter, standard error",0.00434821729502178,0.004,1,0.00434821729502172,1,NA,
coppock_guess_ternovski_2016,table_a5|m3:constant|coef,table_a5,"Online Appendix 3, Table A5",pipeline,"Column 3 (signed, days on Twitter): Constant, coefficient",0,0.000,1,-4.302388405053342e-16,1,NA,
coppock_guess_ternovski_2016,table_a5|m3:constant|se,table_a5,"Online Appendix 3, Table A5",pipeline,"Column 3 (signed, days on Twitter): Constant, standard error",3.3937790104572067e-10,0.000,1,5.754541974893352e-11,1,NA,
coppock_guess_ternovski_2016,table_a5|m3|n,table_a5,"Online Appendix 3, Table A5",pipeline,"Column 3 (signed, days on Twitter), N",8507,8507,1,8507,1,NA,
coppock_guess_ternovski_2016,table_a5|m3|r2,table_a5,"Online Appendix 3, Table A5",pipeline,"Column 3 (signed, days on Twitter), R squared",0.01870341797784699,0.019,1,0.01870341797772279,1,NA,
coppock_guess_ternovski_2016,table_a5|m4:treat_fol|coef,table_a5,"Online Appendix 3, Table A5",pipeline,"Column 4 (signed, account type): Treatment: follower, coefficient",0.043742,0.044,1,0.04374240583232062,1,NA,
coppock_guess_ternovski_2016,table_a5|m4:treat_fol|se,table_a5,"Online Appendix 3, Table A5",pipeline,"Column 4 (signed, account type): Treatment: follower, standard error",0.00713350340011748,0.007,1,0.00713350340011894,1,NA,
coppock_guess_ternovski_2016,table_a5|m4:treat_org|coef,table_a5,"Online Appendix 3, Table A5",pipeline,"Column 4 (signed, account type): Treatment: organizer, coefficient",0.052571,0.053,1,0.05257142857143224,1,NA,
coppock_guess_ternovski_2016,table_a5|m4:treat_org|se,table_a5,"Online Appendix 3, Table A5",pipeline,"Column 4 (signed, account type): Treatment: organizer, standard error",0.00754905191051342,0.008,1,0.00754905191051106,1,NA,
coppock_guess_ternovski_2016,table_a5|m4:account_male|coef,table_a5,"Online Appendix 3, Table A5",pipeline,"Column 4 (signed, account type): Account type: male, coefficient",0,0.000,1,9.912032980922837e-16,1,NA,
coppock_guess_ternovski_2016,table_a5|m4:account_male|se,table_a5,"Online Appendix 3, Table A5",pipeline,"Column 4 (signed, account type): Account type: male, standard error",1.6553951058869036e-9,0.000,1,NA,NA,NA,"Standard error undefined: the coefficient is identified only within the public tweet arm, where no subject signed or tweeted, so the robust variance of the term is zero up to floating point and comes back very slightly negative. The deposit's HC2 wrapper returns 1.66e-09, which prints as 0.000; lm_robust takes the square root and returns NaN, so the rewrite records the cell as unverifiable."
coppock_guess_ternovski_2016,table_a5|m4:account_org|coef,table_a5,"Online Appendix 3, Table A5",pipeline,"Column 4 (signed, account type): Account type: organization, coefficient",0,0.000,1,9.62075112132375e-16,1,NA,
coppock_guess_ternovski_2016,table_a5|m4:account_org|se,table_a5,"Online Appendix 3, Table A5",pipeline,"Column 4 (signed, account type): Account type: organization, standard error",1.5362846213252714e-9,0.000,1,NA,NA,NA,"Standard error undefined: the coefficient is identified only within the public tweet arm, where no subject signed or tweeted, so the robust variance of the term is zero up to floating point and comes back very slightly negative. The deposit's HC2 wrapper returns 1.54e-09, which prints as 0.000; lm_robust takes the square root and returns NaN, so the rewrite records the cell as unverifiable."
coppock_guess_ternovski_2016,table_a5|m4:account_unknown|coef,table_a5,"Online Appendix 3, Table A5",pipeline,"Column 4 (signed, account type): Account type: unknown, coefficient",0,0.000,1,8.354418920521335e-16,1,NA,
coppock_guess_ternovski_2016,table_a5|m4:account_unknown|se,table_a5,"Online Appendix 3, Table A5",pipeline,"Column 4 (signed, account type): Account type: unknown, standard error",5.407335387655272e-10,0.000,1,NA,NA,NA,"Standard error undefined: the coefficient is identified only within the public tweet arm, where no subject signed or tweeted, so the robust variance of the term is zero up to floating point and comes back very slightly negative. The deposit's HC2 wrapper returns 5.41e-10, which prints as 0.000; lm_robust takes the square root and returns NaN, so the rewrite records the cell as unverifiable."
coppock_guess_ternovski_2016,table_a5|m4:fol_x_male|coef,table_a5,"Online Appendix 3, Table A5",pipeline,"Column 4 (signed, account type): Follower x male, coefficient",0.018502,0.019,1,0.01850249212686295,1,NA,
coppock_guess_ternovski_2016,table_a5|m4:fol_x_male|se,table_a5,"Online Appendix 3, Table A5",pipeline,"Column 4 (signed, account type): Follower x male, standard error",0.01051234582869424,0.011,1,0.01051234582869449,1,NA,
coppock_guess_ternovski_2016,table_a5|m4:org_x_male|coef,table_a5,"Online Appendix 3, Table A5",pipeline,"Column 4 (signed, account type): Organizer x male, coefficient",-0.001101,-0.001,1,-0.00110084033613845,1,NA,
coppock_guess_ternovski_2016,table_a5|m4:org_x_male|se,table_a5,"Online Appendix 3, Table A5",pipeline,"Column 4 (signed, account type): Organizer x male, standard error",0.01040793247169697,0.010,1,0.01040793247169687,1,NA,
coppock_guess_ternovski_2016,table_a5|m4:fol_x_org|coef,table_a5,"Online Appendix 3, Table A5",pipeline,"Column 4 (signed, account type): Follower x organization, coefficient",-0.025692,-0.026,1,-0.02569186431607583,1,NA,
coppock_guess_ternovski_2016,table_a5|m4:fol_x_org|se,table_a5,"Online Appendix 3, Table A5",pipeline,"Column 4 (signed, account type): Follower x organization, standard error",0.00910707443126487,0.009,1,0.00910707443126546,1,NA,
coppock_guess_ternovski_2016,table_a5|m4:org_x_org|coef,table_a5,"Online Appendix 3, Table A5",pipeline,"Column 4 (signed, account type): Organizer x organization, coefficient",-0.037729,-0.038,1,-0.03772912801484509,1,NA,
coppock_guess_ternovski_2016,table_a5|m4:org_x_org|se,table_a5,"Online Appendix 3, Table A5",pipeline,"Column 4 (signed, account type): Organizer x organization, standard error",0.00917423761456649,0.009,1,0.0091742376145653,1,NA,
coppock_guess_ternovski_2016,table_a5|m4:fol_x_unknown|coef,table_a5,"Online Appendix 3, Table A5",pipeline,"Column 4 (signed, account type): Follower x unknown, coefficient",0.005903,0.006,1,0.00590298423860127,1,NA,
coppock_guess_ternovski_2016,table_a5|m4:fol_x_unknown|se,table_a5,"Online Appendix 3, Table A5",pipeline,"Column 4 (signed, account type): Follower x unknown, standard error",0.01969497528776076,0.020,1,0.01969497528775901,1,NA,
coppock_guess_ternovski_2016,table_a5|m4:org_x_unknown|coef,table_a5,"Online Appendix 3, Table A5",pipeline,"Column 4 (signed, account type): Organizer x unknown, coefficient",-0.025544,-0.026,1,-0.0255444015444041,1,NA,
coppock_guess_ternovski_2016,table_a5|m4:org_x_unknown|se,table_a5,"Online Appendix 3, Table A5",pipeline,"Column 4 (signed, account type): Organizer x unknown, standard error",0.01535826795325067,0.015,1,0.01535826795325024,1,NA,
coppock_guess_ternovski_2016,table_a5|m4:constant|coef,table_a5,"Online Appendix 3, Table A5",pipeline,"Column 4 (signed, account type): Constant, coefficient",-0,0.000,1,-1.4871421990853522e-15,1,NA,
coppock_guess_ternovski_2016,table_a5|m4:constant|se,table_a5,"Online Appendix 3, Table A5",pipeline,"Column 4 (signed, account type): Constant, standard error",1.5448906095720695e-9,0.000,1,1.487672090061113e-10,1,NA,
coppock_guess_ternovski_2016,table_a5|m4|n,table_a5,"Online Appendix 3, Table A5",pipeline,"Column 4 (signed, account type), N",8507,8507,1,8507,1,NA,
coppock_guess_ternovski_2016,table_a5|m4|r2,table_a5,"Online Appendix 3, Table A5",pipeline,"Column 4 (signed, account type), R squared",0.0247404959354092,0.025,1,0.02474049593529925,1,NA,
coppock_guess_ternovski_2016,table_a5|m5:treat_fol|coef,table_a5,"Online Appendix 3, Table A5",pipeline,"Column 5 (tweeted, centrality): Treatment: follower, coefficient",0.014417,0.014,1,0.0144165251123891,1,NA,
coppock_guess_ternovski_2016,table_a5|m5:treat_fol|se,table_a5,"Online Appendix 3, Table A5",pipeline,"Column 5 (tweeted, centrality): Treatment: follower, standard error",0.0023860186678394202,0.002,1,0.00238601866783973,1,NA,
coppock_guess_ternovski_2016,table_a5|m5:treat_org|coef,table_a5,"Online Appendix 3, Table A5",pipeline,"Column 5 (tweeted, centrality): Treatment: organizer, coefficient",0.011117,0.011,1,0.01111672740205581,1,NA,
coppock_guess_ternovski_2016,table_a5|m5:treat_org|se,table_a5,"Online Appendix 3, Table A5",pipeline,"Column 5 (tweeted, centrality): Treatment: organizer, standard error",0.00208942299441979,0.002,1,0.0020894229944195,1,NA,
coppock_guess_ternovski_2016,table_a5|m5:centrality|coef,table_a5,"Online Appendix 3, Table A5",pipeline,"Column 5 (tweeted, centrality): Eigenvector centrality, coefficient",0,0.000,1,-2.28304805855877e-18,1,NA,
coppock_guess_ternovski_2016,table_a5|m5:centrality|se,table_a5,"Online Appendix 3, Table A5",pipeline,"Column 5 (tweeted, centrality): Eigenvector centrality, standard error",4e-5,0.000,1,2.5305434891243032e-11,1,NA,
coppock_guess_ternovski_2016,table_a5|m5:fol_x_centrality|coef,table_a5,"Online Appendix 3, Table A5",pipeline,"Column 5 (tweeted, centrality): Follower x centrality, coefficient",0.001234,0.001,1,0.00123390005370303,1,NA,
coppock_guess_ternovski_2016,table_a5|m5:fol_x_centrality|se,table_a5,"Online Appendix 3, Table A5",pipeline,"Column 5 (tweeted, centrality): Follower x centrality, standard error",0.00179448964544573,0.002,1,0.00179448964544579,1,NA,
coppock_guess_ternovski_2016,table_a5|m5:org_x_centrality|coef,table_a5,"Online Appendix 3, Table A5",pipeline,"Column 5 (tweeted, centrality): Organizer x centrality, coefficient",-0.001441,-0.001,1,-0.00144071907379874,1,NA,
coppock_guess_ternovski_2016,table_a5|m5:org_x_centrality|se,table_a5,"Online Appendix 3, Table A5",pipeline,"Column 5 (tweeted, centrality): Organizer x centrality, standard error",7.511637613057683e-4,0.001,1,7.511637613057605e-4,1,NA,
coppock_guess_ternovski_2016,table_a5|m5:constant|coef,table_a5,"Online Appendix 3, Table A5",pipeline,"Column 5 (tweeted, centrality): Constant, coefficient",-0,0.000,1,-7.649866617389231e-17,1,NA,
coppock_guess_ternovski_2016,table_a5|m5:constant|se,table_a5,"Online Appendix 3, Table A5",pipeline,"Column 5 (tweeted, centrality): Constant, standard error",2.4409490900749166e-10,0.000,1,NA,NA,NA,"Standard error undefined: the coefficient is identified only within the public tweet arm, where no subject signed or tweeted, so the robust variance of the term is zero up to floating point and comes back very slightly negative. The deposit's HC2 wrapper returns 2.44e-10, which prints as 0.000; lm_robust takes the square root and returns NaN, so the rewrite records the cell as unverifiable."
coppock_guess_ternovski_2016,table_a5|m5|n,table_a5,"Online Appendix 3, Table A5",pipeline,"Column 5 (tweeted, centrality), N",8507,8507,1,8507,1,NA,
coppock_guess_ternovski_2016,table_a5|m5|r2,table_a5,"Online Appendix 3, Table A5",pipeline,"Column 5 (tweeted, centrality), R squared",0.00564039430198155,0.006,1,0.00564039430187157,1,NA,
coppock_guess_ternovski_2016,table_a5|m6:treat_fol|coef,table_a5,"Online Appendix 3, Table A5",pipeline,"Column 6 (tweeted, followers): Treatment: follower, coefficient",0.014419,0.014,1,0.01441874269331871,1,NA,
coppock_guess_ternovski_2016,table_a5|m6:treat_fol|se,table_a5,"Online Appendix 3, Table A5",pipeline,"Column 6 (tweeted, followers): Treatment: follower, standard error",0.00238612424663973,0.002,1,0.00238612424664003,1,NA,
coppock_guess_ternovski_2016,table_a5|m6:treat_org|coef,table_a5,"Online Appendix 3, Table A5",pipeline,"Column 6 (tweeted, followers): Treatment: organizer, coefficient",0.011144,0.011,1,0.01114390675523493,1,NA,
coppock_guess_ternovski_2016,table_a5|m6:treat_org|se,table_a5,"Online Appendix 3, Table A5",pipeline,"Column 6 (tweeted, followers): Treatment: organizer, standard error",0.00209430194793037,0.002,1,0.00209430194793008,1,NA,
coppock_guess_ternovski_2016,table_a5|m6:followers|coef,table_a5,"Online Appendix 3, Table A5",pipeline,"Column 6 (tweeted, followers): Number of followers, coefficient",0,0.000,1,3.1696253293709038e-18,1,NA,
coppock_guess_ternovski_2016,table_a5|m6:followers|se,table_a5,"Online Appendix 3, Table A5",pipeline,"Column 6 (tweeted, followers): Number of followers, standard error",2.2893224895654516e-10,0.000,1,3.9822694083133004e-11,1,NA,
coppock_guess_ternovski_2016,table_a5|m6:fol_x_followers|coef,table_a5,"Online Appendix 3, Table A5",pipeline,"Column 6 (tweeted, followers): Follower x followers, coefficient",0.002851,0.003,1,0.00285085971922578,1,NA,
coppock_guess_ternovski_2016,table_a5|m6:fol_x_followers|se,table_a5,"Online Appendix 3, Table A5",pipeline,"Column 6 (tweeted, followers): Follower x followers, standard error",0.00263319272927657,0.003,1,0.00263319272927662,1,NA,
coppock_guess_ternovski_2016,table_a5|m6:org_x_followers|coef,table_a5,"Online Appendix 3, Table A5",pipeline,"Column 6 (tweeted, followers): Organizer x followers, coefficient",0.003315,0.003,1,0.00331546197599685,1,NA,
coppock_guess_ternovski_2016,table_a5|m6:org_x_followers|se,table_a5,"Online Appendix 3, Table A5",pipeline,"Column 6 (tweeted, followers): Organizer x followers, standard error",0.00270765152067171,0.003,1,0.00270765152067171,1,NA,
coppock_guess_ternovski_2016,table_a5|m6:constant|coef,table_a5,"Online Appendix 3, Table A5",pipeline,"Column 6 (tweeted, followers): Constant, coefficient",-0,0.000,1,-1.487544702036666e-16,1,NA,
coppock_guess_ternovski_2016,table_a5|m6:constant|se,table_a5,"Online Appendix 3, Table A5",pipeline,"Column 6 (tweeted, followers): Constant, standard error",4e-5,0.000,1,NA,NA,NA,"Standard error undefined: the coefficient is identified only within the public tweet arm, where no subject signed or tweeted, so the robust variance of the term is zero up to floating point and comes back very slightly negative. The deposit's HC2 wrapper returns 4e-05, which prints as 0.000; lm_robust takes the square root and returns NaN, so the rewrite records the cell as unverifiable."
coppock_guess_ternovski_2016,table_a5|m6|n,table_a5,"Online Appendix 3, Table A5",pipeline,"Column 6 (tweeted, followers), N",8507,8507,1,8507,1,NA,
coppock_guess_ternovski_2016,table_a5|m6|r2,table_a5,"Online Appendix 3, Table A5",pipeline,"Column 6 (tweeted, followers), R squared",0.00624897283531042,0.006,1,0.00624897283519931,1,NA,
coppock_guess_ternovski_2016,table_a5|m7:treat_fol|coef,table_a5,"Online Appendix 3, Table A5",pipeline,"Column 7 (tweeted, days on Twitter): Treatment: follower, coefficient",0.014408,0.014,1,0.0144078276727561,1,NA,
coppock_guess_ternovski_2016,table_a5|m7:treat_fol|se,table_a5,"Online Appendix 3, Table A5",pipeline,"Column 7 (tweeted, days on Twitter): Treatment: follower, standard error",0.00238490782442428,0.002,1,0.00238490782442455,1,NA,
coppock_guess_ternovski_2016,table_a5|m7:treat_org|coef,table_a5,"Online Appendix 3, Table A5",pipeline,"Column 7 (tweeted, days on Twitter): Treatment: organizer, coefficient",0.011128,0.011,1,0.01112774199881008,1,NA,
coppock_guess_ternovski_2016,table_a5|m7:treat_org|se,table_a5,"Online Appendix 3, Table A5",pipeline,"Column 7 (tweeted, days on Twitter): Treatment: organizer, standard error",0.00209193845144345,0.002,1,0.00209193845144314,1,NA,
coppock_guess_ternovski_2016,table_a5|m7:days|coef,table_a5,"Online Appendix 3, Table A5",pipeline,"Column 7 (tweeted, days on Twitter): Days on Twitter, coefficient",-0,0.000,1,-1.3781682796626314e-18,1,NA,
coppock_guess_ternovski_2016,table_a5|m7:days|se,table_a5,"Online Appendix 3, Table A5",pipeline,"Column 7 (tweeted, days on Twitter): Days on Twitter, standard error",1.6119411625500576e-10,0.000,1,NA,NA,NA,"Standard error undefined: the coefficient is identified only within the public tweet arm, where no subject signed or tweeted, so the robust variance of the term is zero up to floating point and comes back very slightly negative. The deposit's HC2 wrapper returns 1.61e-10, which prints as 0.000; lm_robust takes the square root and returns NaN, so the rewrite records the cell as unverifiable."
coppock_guess_ternovski_2016,table_a5|m7:fol_x_days|coef,table_a5,"Online Appendix 3, Table A5",pipeline,"Column 7 (tweeted, days on Twitter): Follower x days on Twitter, coefficient",-0.001444,-0.001,1,-0.00144442517173058,1,NA,
coppock_guess_ternovski_2016,table_a5|m7:fol_x_days|se,table_a5,"Online Appendix 3, Table A5",pipeline,"Column 7 (tweeted, days on Twitter): Follower x days on Twitter, standard error",0.0027625730390253,0.003,1,0.00276257303902531,1,NA,
coppock_guess_ternovski_2016,table_a5|m7:org_x_days|coef,table_a5,"Online Appendix 3, Table A5",pipeline,"Column 7 (tweeted, days on Twitter): Organizer x days on Twitter, coefficient",-0.001763,-0.002,1,-0.00176281772266113,1,NA,
coppock_guess_ternovski_2016,table_a5|m7:org_x_days|se,table_a5,"Online Appendix 3, Table A5",pipeline,"Column 7 (tweeted, days on Twitter): Organizer x days on Twitter, standard error",0.0024034065672711,0.002,1,0.00240340656727107,1,NA,
coppock_guess_ternovski_2016,table_a5|m7:constant|coef,table_a5,"Online Appendix 3, Table A5",pipeline,"Column 7 (tweeted, days on Twitter): Constant, coefficient",-0,0.000,1,-1.292531239121263e-16,1,NA,
coppock_guess_ternovski_2016,table_a5|m7:constant|se,table_a5,"Online Appendix 3, Table A5",pipeline,"Column 7 (tweeted, days on Twitter): Constant, standard error",8.281475198900576e-11,0.000,1,NA,NA,NA,"Standard error undefined: the coefficient is identified only within the public tweet arm, where no subject signed or tweeted, so the robust variance of the term is zero up to floating point and comes back very slightly negative. The deposit's HC2 wrapper returns 8.28e-11, which prints as 0.000; lm_robust takes the square root and returns NaN, so the rewrite records the cell as unverifiable."
coppock_guess_ternovski_2016,table_a5|m7|n,table_a5,"Online Appendix 3, Table A5",pipeline,"Column 7 (tweeted, days on Twitter), N",8507,8507,1,8507,1,NA,
coppock_guess_ternovski_2016,table_a5|m7|r2,table_a5,"Online Appendix 3, Table A5",pipeline,"Column 7 (tweeted, days on Twitter), R squared",0.00570153767264052,0.006,1,0.00570153767252945,1,NA,
coppock_guess_ternovski_2016,table_a5|m8:treat_fol|coef,table_a5,"Online Appendix 3, Table A5",pipeline,"Column 8 (tweeted, account type): Treatment: follower, coefficient",0.009721,0.010,1,0.00972053462940435,1,NA,
coppock_guess_ternovski_2016,table_a5|m8:treat_fol|se,table_a5,"Online Appendix 3, Table A5",pipeline,"Column 8 (tweeted, account type): Treatment: follower, standard error",0.00342206341971649,0.003,1,0.00342206341971723,1,NA,
coppock_guess_ternovski_2016,table_a5|m8:treat_org|coef,table_a5,"Online Appendix 3, Table A5",pipeline,"Column 8 (tweeted, account type): Treatment: organizer, coefficient",0.010286,0.010,1,0.01028571428571429,1,NA,
coppock_guess_ternovski_2016,table_a5|m8:treat_org|se,table_a5,"Online Appendix 3, Table A5",pipeline,"Column 8 (tweeted, account type): Treatment: organizer, standard error",0.00341284395377321,0.003,1,0.00341284395377246,1,NA,
coppock_guess_ternovski_2016,table_a5|m8:account_male|coef,table_a5,"Online Appendix 3, Table A5",pipeline,"Column 8 (tweeted, account type): Account type: male, coefficient",-0,0.000,1,2.821758823591627e-17,1,NA,
coppock_guess_ternovski_2016,table_a5|m8:account_male|se,table_a5,"Online Appendix 3, Table A5",pipeline,"Column 8 (tweeted, account type): Account type: male, standard error",4e-5,0.000,1,NA,NA,NA,"Standard error undefined: the coefficient is identified only within the public tweet arm, where no subject signed or tweeted, so the robust variance of the term is zero up to floating point and comes back very slightly negative. The deposit's HC2 wrapper returns 4e-05, which prints as 0.000; lm_robust takes the square root and returns NaN, so the rewrite records the cell as unverifiable."
coppock_guess_ternovski_2016,table_a5|m8:account_org|coef,table_a5,"Online Appendix 3, Table A5",pipeline,"Column 8 (tweeted, account type): Account type: organization, coefficient",-0,0.000,1,-1.2203347369807466e-16,1,NA,
coppock_guess_ternovski_2016,table_a5|m8:account_org|se,table_a5,"Online Appendix 3, Table A5",pipeline,"Column 8 (tweeted, account type): Account type: organization, standard error",4e-5,0.000,1,9.190683926741175e-11,1,NA,
coppock_guess_ternovski_2016,table_a5|m8:account_unknown|coef,table_a5,"Online Appendix 3, Table A5",pipeline,"Column 8 (tweeted, account type): Account type: unknown, coefficient",-0,0.000,1,-1.4989405655021804e-16,1,NA,
coppock_guess_ternovski_2016,table_a5|m8:account_unknown|se,table_a5,"Online Appendix 3, Table A5",pipeline,"Column 8 (tweeted, account type): Account type: unknown, standard error",4e-5,0.000,1,NA,NA,NA,"Standard error undefined: the coefficient is identified only within the public tweet arm, where no subject signed or tweeted, so the robust variance of the term is zero up to floating point and comes back very slightly negative. The deposit's HC2 wrapper returns 4e-05, which prints as 0.000; lm_robust takes the square root and returns NaN, so the rewrite records the cell as unverifiable."
coppock_guess_ternovski_2016,table_a5|m8:fol_x_male|coef,table_a5,"Online Appendix 3, Table A5",pipeline,"Column 8 (tweeted, account type): Follower x male, coefficient",0.009667,0.010,1,0.00966722047263646,1,NA,
coppock_guess_ternovski_2016,table_a5|m8:fol_x_male|se,table_a5,"Online Appendix 3, Table A5",pipeline,"Column 8 (tweeted, account type): Follower x male, standard error",0.00557944454710625,0.006,1,0.0055794445471063,1,NA,
coppock_guess_ternovski_2016,table_a5|m8:org_x_male|coef,table_a5,"Online Appendix 3, Table A5",pipeline,"Column 8 (tweeted, account type): Organizer x male, coefficient",0.006521,0.007,1,0.00652100840336155,1,NA,
coppock_guess_ternovski_2016,table_a5|m8:org_x_male|se,table_a5,"Online Appendix 3, Table A5",pipeline,"Column 8 (tweeted, account type): Organizer x male, standard error",0.00538731548785241,0.005,1,0.00538731548785292,1,NA,
coppock_guess_ternovski_2016,table_a5|m8:fol_x_org|coef,table_a5,"Online Appendix 3, Table A5",pipeline,"Column 8 (tweeted, account type): Follower x organization, coefficient",0.00111,0.001,1,0.00110979028034287,1,NA,
coppock_guess_ternovski_2016,table_a5|m8:fol_x_org|se,table_a5,"Online Appendix 3, Table A5",pipeline,"Column 8 (tweeted, account type): Follower x organization, standard error",0.00557522053390945,0.006,1,0.00557522053390949,1,NA,
coppock_guess_ternovski_2016,table_a5|m8:org_x_org|coef,table_a5,"Online Appendix 3, Table A5",pipeline,"Column 8 (tweeted, account type): Organizer x organization, coefficient",-0.006575,-0.007,1,-0.00657513914656752,1,NA,
coppock_guess_ternovski_2016,table_a5|m8:org_x_org|se,table_a5,"Online Appendix 3, Table A5",pipeline,"Column 8 (tweeted, account type): Organizer x organization, standard error",0.00430335821231686,0.004,1,0.00430335821231661,1,NA,
coppock_guess_ternovski_2016,table_a5|m8:fol_x_unknown|coef,table_a5,"Online Appendix 3, Table A5",pipeline,"Column 8 (tweeted, account type): Follower x unknown, coefficient",0.011556,0.012,1,0.01155606111527658,1,NA,
coppock_guess_ternovski_2016,table_a5|m8:fol_x_unknown|se,table_a5,"Online Appendix 3, Table A5",pipeline,"Column 8 (tweeted, account type): Follower x unknown, standard error",0.01266699162192909,0.013,1,0.0126669916219278,1,NA,
coppock_guess_ternovski_2016,table_a5|m8:org_x_unknown|coef,table_a5,"Online Appendix 3, Table A5",pipeline,"Column 8 (tweeted, account type): Organizer x unknown, coefficient",-0.003529,-0.004,1,-0.00352895752895754,1,NA,
coppock_guess_ternovski_2016,table_a5|m8:org_x_unknown|se,table_a5,"Online Appendix 3, Table A5",pipeline,"Column 8 (tweeted, account type): Organizer x unknown, standard error",0.00756975995146347,0.008,1,0.00756975995146345,1,NA,
coppock_guess_ternovski_2016,table_a5|m8:constant|coef,table_a5,"Online Appendix 3, Table A5",pipeline,"Column 8 (tweeted, account type): Constant, coefficient",-0,0.000,1,-9.13908163970642e-17,1,NA,
coppock_guess_ternovski_2016,table_a5|m8:constant|se,table_a5,"Online Appendix 3, Table A5",pipeline,"Column 8 (tweeted, account type): Constant, standard error",4e-5,0.000,1,1.039888935590926e-10,1,NA,
coppock_guess_ternovski_2016,table_a5|m8|n,table_a5,"Online Appendix 3, Table A5",pipeline,"Column 8 (tweeted, account type), N",8507,8507,1,8507,1,NA,
coppock_guess_ternovski_2016,table_a5|m8|r2,table_a5,"Online Appendix 3, Table A5",pipeline,"Column 8 (tweeted, account type), R squared",0.0073854754046438,0.007,1,0.00738547540454015,1,NA,
coppock_guess_ternovski_2016,text|study1_p_fol_vs_org_signed|p_value,text,"Study 1 results, Main Effects, p. 116",pipeline,Study 1: p-value on the follower against organizer difference in signing,0.3800334506248886,0.38,1,0.3800334506248806,1,NA,
coppock_guess_ternovski_2016,text|study1_p_fol_vs_org_tweeted|p_value,text,"Study 1 results, Main Effects, p. 116",pipeline,Study 1: p-value on the follower against organizer difference in tweeting,0.03302897808791914,0.03,1,0.03302897808791105,1,NA,
coppock_guess_ternovski_2016,text|study2_p_fol_vs_org_signed|p_value,text,"Study 2 results, Main Effects, p. 119",pipeline,Study 2: p-value on the follower against organizer difference in signing,0.59609364691625355,0.60,1,0.5961326676330387,1,NA,
coppock_guess_ternovski_2016,text|study1_any_dm_signed_pp|estimate,text,"Study 1 results, Main Effects, p. 116",pipeline,"Study 1: effect of receiving any direct message on signing, percentage points",3.633333333332793,3.6,1,3.6333333333334337,1,NA,
coppock_guess_ternovski_2016,text|study1_org_minus_fol_tweeted_pp|estimate,text,"Study 1 results, Main Effects, p. 116",pipeline,"Study 1: organizer against follower gap in tweeting, percentage points",1.1333333333332722,1.1,1,1.133333333333345,1,NA,
coppock_guess_ternovski_2016,text|study1_first_stage_pp|estimate,text,"Study 1 results, Network Effects, p. 118",pipeline,"Study 1: first stage, exposure to a retweeted message, percentage points",62.753524804514285,63,1,62.7535248045139,1,NA,
coppock_guess_ternovski_2016,text|study2_encouragement_fol_pp|estimate,text,"Study 2 results, Main Effects, p. 119",pipeline,"Study 2: tweet encouragement effect in the follower arm, percentage points",47.22222222222217,47.2,1,47.22222222222224,1,NA,
coppock_guess_ternovski_2016,text|study2_encouragement_org_pp|estimate,text,"Study 2 results, Main Effects, p. 119",pipeline,"Study 2: tweet encouragement effect in the organizer arm, percentage points",23.08771929824557,23.1,1,23.087719298245617,1,NA,
coppock_guess_ternovski_2016,text|study1_button_imbalance_p|p_value,text,"Research design, Study 1, p. 111",pipeline,Study 1: p-value on the tweet encouragement assignment predicting signing,0.00466289755734796,NA,NA,0.00919940379498675,NA,NA,"The article prints an inequality rather than a value, so there is nothing to compare at printed precision. The deposit's own lm() gives 0.0047 and the rewrite's HC2 fit gives 0.0092, both below the 0.01 the article asserts."
coppock_guess_ternovski_2016,text|study1_signers|n,text,"Study 1 results, Network Effects, p. 118",pipeline,Study 1: petition signatures,109,109,1,109,1,NA,
coppock_guess_ternovski_2016,text|study1_second_stage_pool|n,text,"Study 1 results, Network Effects, p. 118",pipeline,Study 1: subjects of the second-stage experiment,1176,1176,1,1176,1,NA,
coppock_guess_ternovski_2016,text|study2_signers|n,text,"Research design, Study 2, p. 114",pipeline,Study 2: petition signatures,221,221,1,221,1,NA,
coppock_guess_ternovski_2016,text|study2_second_stage_pool|n,text,"Research design, Study 2, p. 114",pipeline,Study 2: subjects of the second-stage experiment,1991,1990,0,1991,0,paper_internal,"The deposited data hold 1991 Study 2 subjects with a positive probability of exposure, of whom the 1975 whose probability is strictly below one are the sample Table 9 analyses."
coppock_guess_ternovski_2016,figure_3|study1_share_male|percent,figure_3,"Figure 3 caption, p. 124",pipeline,"Figure 3 caption: Study 1 sample male, percent",38.417825631822936,38.4,1,38.41782563182294,1,NA,
coppock_guess_ternovski_2016,figure_3|study1_share_female|percent,figure_3,"Figure 3 caption, p. 124",pipeline,"Figure 3 caption: Study 1 sample female, percent",30.372364288918796,30.4,1,30.3723642889188,1,NA,
coppock_guess_ternovski_2016,figure_3|study1_share_org|percent,figure_3,"Figure 3 caption, p. 124",pipeline,"Figure 3 caption: Study 1 sample organizations, percent",24.3606998654105,24.4,1,24.3606998654105,1,NA,
coppock_guess_ternovski_2016,figure_3|study1_share_unknown|percent,figure_3,"Figure 3 caption, p. 124",pipeline,"Figure 3 caption: Study 1 sample unknown, percent",6.849110213847764,6.8,1,6.849110213847764,1,NA,
coppock_guess_ternovski_2016,figure_3|study2_share_male|percent,figure_3,"Figure 3 caption, p. 124",pipeline,"Figure 3 caption: Study 2 sample male, percent",39.34406958974962,39.3,1,39.344069589749616,1,NA,
coppock_guess_ternovski_2016,figure_3|study2_share_female|percent,figure_3,"Figure 3 caption, p. 124",pipeline,"Figure 3 caption: Study 2 sample female, percent",32.902315739978846,32.9,1,32.90231573997884,1,NA,
coppock_guess_ternovski_2016,figure_3|study2_share_org|percent,figure_3,"Figure 3 caption, p. 124",pipeline,"Figure 3 caption: Study 2 sample organizations, percent",22.052427412718934,22.1,1,22.052427412718934,1,NA,
coppock_guess_ternovski_2016,figure_3|study2_share_unknown|percent,figure_3,"Figure 3 caption, p. 124",pipeline,"Figure 3 caption: Study 2 sample unknown, percent",5.701187257552603,5.7,1,5.701187257552604,1,NA,
coppock_guess_ternovski_2016,table_a1|study1_types_5_to_7|percent,table_a1,Online Appendix 1,pipeline,"Table A1: types 5 to 7 combined, Study 1, percent of population",3.633333333333334,3.6,1,3.633333333333334,1,NA,
coppock_guess_ternovski_2016,table_a1|study2_types_5_to_7|percent,table_a1,Online Appendix 1,pipeline,"Table A1: types 5 to 7 combined, Study 2, percent of population",4.409417398244204,4.5,0,4.409417398244204,0,paper_internal,"The signing rate among Study 2 direct message subjects is 4.41 percent, which the appendix rounds up."
coppock_guess_ternovski_2016,table_a1|type_8_lower|proportion,table_a1,"Online Appendix 1, Table A1",pipeline,"Table A1: type 8 proportion, lower end of the printed interval",0.955905826017558,0.955,NA,0.955905826017558,NA,NA,"The appendix prints an interval derived from rounded inputs. Both computed complements, 0.9559 for Study 2 and 0.9637 for Study 1, fall inside it."
coppock_guess_ternovski_2016,table_a1|type_8_upper|proportion,table_a1,"Online Appendix 1, Table A1",pipeline,"Table A1: type 8 proportion, upper end of the printed interval",0.9636666666666668,0.965,NA,0.9636666666666668,NA,NA,"The appendix prints an interval derived from rounded inputs. Both computed complements, 0.9559 for Study 2 and 0.9637 for Study 1, fall inside it."
coppock_guess_ternovski_2016,text|footnote_11_zero_clicks|percent,text,"Footnote 11, p. 116",pipeline,"Footnote 11: chance of observing zero clicks at one click per 10,000 exposed, percent",51.235709943071015,51,1,51.235709943071015,1,NA,
coppock_guess_ternovski_2016,text|study1_network_members|n,text,"The organization and its network, p. 109",pipeline,Study 1: members of the scraped network,6687,6687,1,6687,1,NA,
coppock_guess_ternovski_2016,text|study2_network_members|n,text,"The organization and its network, p. 109",pipeline,Study 2: members of the scraped network,8507,8507,1,8507,1,NA,
coppock_guess_ternovski_2016,text|study1_fol_signed_pp|estimate,text,"Study 1 results, Main Effects, p. 116",pipeline,"Study 1: follower direct message effect on signing, percentage points",3.933333333333244,3.9,1,3.9333333333334357,1,NA,
coppock_guess_ternovski_2016,text|study1_org_signed_pp|estimate,text,"Study 1 results, Main Effects, p. 116",pipeline,"Study 1: organizer direct message effect on signing, percentage points",3.3333333333332207,3.3,1,3.333333333333362,1,NA,
coppock_guess_ternovski_2016,text|study1_fol_tweeted_pp|estimate,text,"Study 1 results, Main Effects, p. 116",pipeline,"Study 1: follower direct message effect on tweeting, percentage points",2.7333333333330314,2.7,1,2.733333333333347,1,NA,
coppock_guess_ternovski_2016,text|study2_fol_signed_pp|estimate,text,"Study 2 results, Main Effects, p. 119",pipeline,"Study 2: follower direct message effect on signing, percentage points",4.563650920735895,4.6,1,4.563650920736629,1,NA,
coppock_guess_ternovski_2016,text|study2_org_signed_pp|estimate,text,"Study 2 results, Main Effects, p. 119",pipeline,"Study 2: organizer direct message effect on signing, percentage points",4.256165473349585,4.3,1,4.256165473349189,1,NA,
coppock_guess_ternovski_2016,text|study2_button_tweeted_pp|estimate,text,"Study 2 results, Main Effects, p. 119",pipeline,"Study 2: tweet encouragement effect on tweeting, restricted model, percentage points",35.045045045045,35.0,1,35.04504504504503,1,NA,
coppock_guess_ternovski_2016,text|study2_itt_signed_pp|estimate,text,"Study 2 results, Network Effects, p. 121",pipeline,"Study 2: intent-to-treat effect of exposure on signing, percentage points",1.952820521133582,2.0,1,1.952820521133583,1,NA,
coppock_guess_ternovski_2016,text|study2_cace_signed_pp|estimate,text,"Study 2 results, Network Effects, p. 121",pipeline,"Study 2: complier average causal effect of exposure on signing, percentage points",5.551922576761696,5.6,1,5.551922576761676,1,NA,
coppock_guess_ternovski_2016,text|study1_tweets_total|n,text,"Research design, Study 1, p. 111",pipeline,Study 1: tweets of the petition link throughout the network,65,65,1,65,1,NA,
coppock_guess_ternovski_2016,figure_1|network_members|n,figure_1,"Figure 1 caption, p. 110",pipeline,Figure 1 caption: followers illustrated in the Study 1 network,6687,6687,1,6687,1,NA,
coppock_guess_ternovski_2016,table_1|cells|count,table_1,"Table 1, p. 111",pipeline,Descriptive statistics of eleven environmental organizations' Twitter accounts,NA,NA,NA,NA,NA,archive,"Collected from Twitter profiles in February 2015. The deposit holds only the two experimental data frames, so nothing in it can produce this table."
coppock_guess_ternovski_2016,table_1|mean_followers_top_ten|n,table_1,"The organization and its network, p. 109",pipeline,Mean number of followers among the top ten organizations,NA,118988,NA,NA,NA,archive,Derived from the printed table; no deposited data behind it.
coppock_guess_ternovski_2016,table_1|mean_tweets_per_weekday|n,table_1,"The organization and its network, p. 109",pipeline,Mean tweets per weekday among the top ten organizations,NA,13,NA,NA,NA,archive,Derived from the printed table; no deposited data behind it.
coppock_guess_ternovski_2016,table_1|median_creation_year|year,table_1,"The organization and its network, p. 109",pipeline,Median account creation year among the top ten organizations,NA,2008,NA,NA,NA,archive,Derived from the printed table; no deposited data behind it.
coppock_guess_ternovski_2016,figure_1|communities|n,figure_1,"The organization and its network, p. 109",pipeline,Communities in the Study 1 follower network under the Walktrap algorithm,NA,22,NA,NA,NA,archive,"The network edge list is not deposited, so neither the figure nor its community count can be rebuilt."
coppock_guess_ternovski_2016,figure_1|modularity|value,figure_1,"The organization and its network, p. 109",pipeline,Modularity of the Study 1 follower network,NA,0.3,NA,NA,NA,archive,The network edge list is not deposited.
coppock_guess_ternovski_2016,figure_1|possible_connections|n,figure_1,"The organization and its network, p. 109",pipeline,Possible connections between nodes in the Study 1 network,NA,44709282,NA,NA,NA,archive,The network edge list is not deposited.
coppock_guess_ternovski_2016,figure_1|observed_edges|n,figure_1,"The organization and its network, p. 109",pipeline,Observed edges in the Study 1 network,NA,131474,NA,NA,NA,archive,The network edge list is not deposited.
coppock_guess_ternovski_2016,figure_1|graph_density|value,figure_1,"The organization and its network, p. 109",pipeline,Graph density of the Study 1 network,NA,0.0029,NA,NA,NA,archive,The network edge list is not deposited.
coppock_guess_ternovski_2016,figure_1|median_indegree|n,figure_1,"The organization and its network, p. 109",pipeline,Median number of network members a follower follows,NA,6,NA,NA,NA,archive,The network edge list is not deposited.
coppock_guess_ternovski_2016,figure_1|max_outdegree|n,figure_1,"Analyzing experiments over networks, p. 108",pipeline,Largest out-degree observed in the network,NA,601,NA,NA,NA,archive,The network edge list is not deposited.
coppock_guess_ternovski_2016,figure_2|mean_tweets_per_weekday|value,figure_2,"The organization and its network, p. 109",pipeline,"LCV tweets and retweets per weekday, February 2013 to February 2015, mean",NA,6.07,NA,NA,NA,archive,The daily tweet series is not deposited.
coppock_guess_ternovski_2016,figure_2|sd_tweets_per_weekday|value,figure_2,"The organization and its network, p. 109",pipeline,"LCV tweets and retweets per weekday, standard deviation",NA,10.05,NA,NA,NA,archive,The daily tweet series is not deposited.
coppock_guess_ternovski_2016,text|intercoder_kappa|value,text,"Heterogeneous effects, p. 122",pipeline,"Intercoder reliability of the account type coding, Cohen's kappa",NA,0.90,NA,NA,NA,archive,"The coding was done by hand on 200 profiles and only the resolved account type is deposited, so the two coders' assignments no longer exist."
coppock_guess_ternovski_2016,text|study1_outside_retweeters|n,text,"Study 1 results, Network Effects, p. 118",pipeline,Study 1: users outside the LCV network who retweeted,NA,5,NA,NA,NA,archive,"Both data frames hold only LCV followers, so users outside the network are not in the deposit."
coppock_guess_ternovski_2016,text|study2_outside_retweeters|n,text,"Study 1 results, Network Effects, p. 118",pipeline,Study 2: users outside the LCV network who retweeted,NA,7,NA,NA,NA,archive,"Both data frames hold only LCV followers, so users outside the network are not in the deposit."
coppock_guess_ternovski_2016,text|lcv_follower_followers|n,text,"Study 1 results, Network Effects, p. 118",pipeline,Total followers of the LCV's followers,NA,7000000,NA,NA,NA,archive,Stated as an order of magnitude in the text. The follower-of-follower counts are not deposited.
coppock_guess_ternovski_2016,figures_a1_a6|screenshots|count,figures_a1_a6,Online Appendix 4,pipeline,"Screenshots of the petitions, the tweet encouragement and the public tweets",NA,NA,NA,NA,NA,archive,Six screenshots of experimental materials. No numbers and no data.
coppock_guess_ternovski_2016,text|twitter_char_limit|n,text,"Analyzing experiments over networks, p. 107",definitional,Twitter's character limit on a tweet,NA,140,NA,NA,NA,NA,
coppock_guess_ternovski_2016,text|study1_follower_cap|n,text,"The organization and its network, p. 109",definitional,Follower count above which users were excluded from the sample,NA,5000,NA,NA,NA,NA,
coppock_guess_ternovski_2016,text|twitter_dm_limit|n,text,"Footnote 6, p. 112",definitional,Twitter's API limit on direct messages per application per day,NA,250,NA,NA,NA,NA,
coppock_guess_ternovski_2016,text|study1_dm_batches|n,text,"Research design, Study 1, p. 111",structural,Study 1: daily batches the direct messages were sent in,NA,12,NA,NA,NA,NA,
coppock_guess_ternovski_2016,text|study2_dm_batches|n,text,"Research design, Study 2, p. 114",structural,Study 2: batches the direct messages were sent in,NA,20,NA,NA,NA,NA,
coppock_guess_ternovski_2016,text|n_treatment_conditions|n,text,"Research design, Study 1, p. 111",structural,Treatment conditions a subject could be assigned to,NA,5,NA,NA,NA,NA,
coppock_guess_ternovski_2016,text|study2_months_later|n,text,"The organization and its network, p. 109",structural,Months between the two studies,NA,5,NA,NA,NA,NA,
coppock_guess_ternovski_2016,text|ci_level|percent,text,"Heterogeneous effects, p. 122",definitional,Confidence level of the intervals plotted in Figure 3,NA,95,NA,NA,NA,NA,
coppock_guess_ternovski_2016,text|intercoder_sample|n,text,"Heterogeneous effects, p. 122",structural,Profiles double-coded for the intercoder reliability check,NA,200,NA,NA,NA,NA,
coppock_guess_ternovski_2016,text|omnibus_permutations|n,text,Online Appendix 2,structural,Permutations drawn for each omnibus balance test,NA,1000,NA,NA,NA,NA,
coppock_guess_ternovski_2016,text|projected_dms_per_day|n,text,"Discussion, p. 125",definitional,Discussion illustration: direct messages per day,NA,250,NA,NA,NA,NA,
coppock_guess_ternovski_2016,text|projected_days|n,text,"Discussion, p. 125",definitional,Discussion illustration: days,NA,30,NA,NA,NA,NA,
coppock_guess_ternovski_2016,text|projected_signatures|n,text,"Discussion, p. 125",definitional,Discussion illustration: signatures over a month,NA,300,NA,NA,NA,NA,"The article's own arithmetic on a rounded input, not a pipeline quantity: 250 direct messages a day for 30 days at the four percentage point effect it quotes."
coppock_guess_ternovski_2016,text|d_encouragement_one_third|holds,text,"Research design, Study 1, p. 111",descriptive,One third of each direct message arm was shown the tweet encouragement,1,1,1,1,1,NA,
coppock_guess_ternovski_2016,text|d_study1_pub_zero_signed|holds,text,"Research design, Study 1, p. 111",descriptive,Study 1: no subject in the public tweet arm signed the petition,1,1,1,1,1,NA,
coppock_guess_ternovski_2016,text|d_study1_dm_significant|holds,text,"Study 1 results, Main Effects, p. 116",descriptive,Study 1: both direct message effects on signing are positive and significant at p < .01,1,1,1,1,1,NA,
coppock_guess_ternovski_2016,text|d_study1_encouragement_half|holds,text,"Study 1 results, Main Effects, p. 116",descriptive,Study 1: the tweet encouragement moved nearly half of exposed signers,1,1,1,1,1,NA,
coppock_guess_ternovski_2016,text|d_study1_organizer_38pp|holds,text,"Study 1 results, Main Effects, p. 116",descriptive,Study 1: the organizer prime costs the encouragement more than 38 percentage points,1,1,1,1,1,NA,
coppock_guess_ternovski_2016,text|d_study1_follower_twice|holds,text,"Study 1 results, Main Effects, p. 116",descriptive,Study 1: the follower prime is more than twice as effective as the organizer prime,1,1,1,1,1,NA,
coppock_guess_ternovski_2016,text|d_study1_network_null|holds,text,"Study 1 results, Network Effects, p. 118",descriptive,Study 1: no significant second-stage effect on signing or tweeting,1,1,1,1,1,NA,
coppock_guess_ternovski_2016,text|d_study2_larger|holds,text,"Study 2 results, Main Effects, p. 119",descriptive,Study 2: the direct message effects on signing exceed Study 1's,1,1,1,1,1,NA,
coppock_guess_ternovski_2016,text|d_study2_follower_more_effective|holds,text,"Study 2 results, Main Effects, p. 119",descriptive,Study 2: the follower prime is more effective on tweeting but not significantly so,1,1,1,1,1,NA,
coppock_guess_ternovski_2016,text|d_study2_tweeted_network_null|holds,text,"Study 2 results, Network Effects, p. 121",descriptive,Study 2: no significant second-stage effect on tweeting,1,1,1,1,1,NA,
coppock_guess_ternovski_2016,text|d_study2_network_larger_than_main|holds,text,"Study 2 results, Network Effects, p. 121",descriptive,Study 2: the network effect on signing exceeds the direct message effects,1,1,1,1,1,NA,
coppock_guess_ternovski_2016,text|d_public_tweet_null|holds,text,"Discussion, p. 125",descriptive,Neither study's public tweet arm produced a signature or a retweet,1,1,1,1,1,NA,
coppock_guess_ternovski_2016,text|d_dm_click_4pp|holds,text,"Discussion, p. 125",descriptive,Direct messages produce approximately a 4 percentage point increase in signing,1,1,1,1,1,NA,
coppock_guess_ternovski_2016,text|d_dm_signatures_exceed_tweets|holds,text,"Discussion, p. 125",descriptive,In both studies the direct message effect on signing exceeds its effect on tweeting,1,1,1,1,1,NA,
coppock_guess_ternovski_2016,text|d_button_35_to_45|holds,text,"Discussion, p. 125",descriptive,The tweet encouragement effects lie between 35 and 45 percentage points,1,1,1,1,1,NA,
coppock_guess_ternovski_2016,figure_3|d_study1_org_smaller_signed|holds,figure_3,"Heterogeneous effects, p. 122",descriptive,Study 1 signing: organizations have the smallest conditional effects,1,1,1,1,1,NA,
coppock_guess_ternovski_2016,figure_3|d_study1_no_het_tweeted|holds,figure_3,"Heterogeneous effects, p. 122",descriptive,Study 1 tweeting: no account type heterogeneity,1,1,1,1,1,NA,
coppock_guess_ternovski_2016,figure_3|d_study2_org_smaller_signed|holds,figure_3,"Heterogeneous effects, p. 122",descriptive,Study 2: organizations have the smallest conditional effects on signing and none on tweeting,1,1,1,1,1,NA,
coppock_guess_ternovski_2016,figure_3|d_no_gender_pattern|holds,figure_3,"Heterogeneous effects, p. 122",descriptive,No consistent pattern in the conditional effects for men against women,1,1,1,1,1,NA,
coppock_guess_ternovski_2016,table_a1|d_types_1_to_4_zero|holds,table_a1,Online Appendix 1,descriptive,Table A1: the population proportions of types 1 to 4 are all zero,1,1,1,1,1,NA,
coppock_guess_ternovski_2016,figure_3|plotted|count,figure_3,"Figure 3, p. 124",pipeline,All 32 plotted conditional effects and their standard errors,NA,NA,NA,NA,NA,NA,"The figure prints no numbers, so there is nothing to compare against the article. All 32 plotted estimate and standard error pairs agree with the estimates the deposit hands to ggplot to within 7.3e-15."
coppock_guess_ternovski_2016,table_a2|omnibus|old_sampler,table_a2,"Online Appendix 2, Table A2",pipeline,Omnibus p-value under the pre-R-3.6 sampler,0.586,0.607,0,NA,NA,archive,"The deposit's own permutation code under RNGkind(sample.kind = ""Rounding""), permuting with randomizr::complete_ra() over 1000 draws, gives 0.586 against a published 0.607."
coppock_guess_ternovski_2016,table_a3|omnibus|old_sampler,table_a3,"Online Appendix 2, Table A3",pipeline,Omnibus p-value under the pre-R-3.6 sampler,0.113,0.113,1,NA,NA,NA,"The deposit's own permutation code under RNGkind(sample.kind = ""Rounding""), permuting with strata_ra(), written out in LCVsource.r over 1000 draws, gives 0.113 against a published 0.113."
